,Hil Climbing Restart,Simulated Annealing,Genetic Algorithm
0,39.5371905462423,17.87717426545183,5.961562405427355
1,3.0970157421350013,16.390366716878585,5.961562405427355
2,0.7012504586797288,14.554759548505467,5.961562405427355
3,0.7012504586797288,14.554759548505467,5.961562405427355
4,0.7012504586797288,14.554759548505467,5.961562405427355
5,0.7012504586797288,14.554759548505467,5.961562405427355
6,0.7012504586797288,8.287897505125802,5.961562405427355
7,0.7012504586797288,8.287897505125802,5.961562405427355
8,0.7012504586797288,8.05144196757374,5.961562405427355
9,0.7012504586797288,8.05144196757374,5.961562405427355
10,0.7012504586797288,6.552103320354499,5.961562405427355
11,0.7012504586797288,6.552103320354499,5.961562405427355
12,0.7012504586797288,6.552103320354499,5.961562405427355
13,0.7012504586797288,6.552103320354499,5.961562405427355
14,0.7012504586797288,6.552103320354499,5.961562405427355
15,0.7012504586797288,6.552103320354499,5.961562405427355
16,0.7012504586797288,6.552103320354499,5.961562405427355
17,0.7012504586797288,6.533975285373074,5.961562405427355
18,0.7012504586797288,6.533975285373074,5.961562405427355
19,0.7012504586797288,5.601441354322327,5.961562405427355
20,0.7012504586797288,4.096191925978518,3.523671890723726
21,0.7012504586797288,4.096191925978518,3.523671890723726
22,0.7012504586797288,4.096191925978518,3.523671890723726
23,0.7012504586797288,4.096191925978518,3.523671890723726
24,0.33877627216023676,4.096191925978518,3.523671890723726
25,0.33877627216023676,4.096191925978518,3.523671890723726
26,0.33877627216023676,4.096191925978518,3.523671890723726
27,0.33877627216023676,4.096191925978518,3.523671890723726
28,0.07912430632546297,4.096191925978518,3.523671890723726
29,0.07912430632546297,4.096191925978518,3.523671890723726
30,0.07912430632546297,4.096191925978518,3.523671890723726
31,0.07912430632546297,4.096191925978518,3.523671890723726
32,0.07912430632546297,4.096191925978518,3.523671890723726
33,0.07912430632546297,4.096191925978518,3.523671890723726
34,0.07912430632546297,4.096191925978518,3.523671890723726
35,0.07912430632546297,4.096191925978518,3.523671890723726
36,0.07912430632546297,4.096191925978518,3.523671890723726
37,0.06393160804922715,4.096191925978518,3.523671890723726
38,0.06393160804922715,4.096191925978518,3.523671890723726
39,0.06393160804922715,4.096191925978518,3.523671890723726
40,0.06393160804922715,4.096191925978518,1.081777236820109
41,0.06393160804922715,4.096191925978518,1.081777236820109
42,0.06393160804922715,4.096191925978518,1.081777236820109
43,0.06393160804922715,4.096191925978518,1.081777236820109
44,0.06393160804922715,4.096191925978518,1.081777236820109
45,0.06393160804922715,4.096191925978518,1.081777236820109
46,0.06393160804922715,4.096191925978518,1.081777236820109
47,0.06393160804922715,4.096191925978518,1.081777236820109
48,0.06393160804922715,4.096191925978518,1.081777236820109
49,0.013829283849830176,4.096191925978518,1.081777236820109
50,0.013829283849830176,4.096191925978518,1.081777236820109
51,0.013829283849830176,4.096191925978518,1.081777236820109
52,0.013829283849830176,4.096191925978518,1.081777236820109
53,0.013829283849830176,4.096191925978518,1.081777236820109
54,0.013829283849830176,4.096191925978518,1.081777236820109
55,0.013829283849830176,4.096191925978518,1.081777236820109
56,0.013829283849830176,4.096191925978518,1.081777236820109
57,0.013829283849830176,4.096191925978518,1.081777236820109
58,0.013829283849830176,4.096191925978518,1.081777236820109
59,0.013829283849830176,4.096191925978518,1.081777236820109
60,0.013829283849830176,4.096191925978518,11.07337084420612
61,0.013829283849830176,4.096191925978518,11.07337084420612
62,0.013829283849830176,4.096191925978518,11.07337084420612
63,0.013829283849830176,4.096191925978518,11.07337084420612
64,0.013829283849830176,4.096191925978518,11.07337084420612
65,0.013829283849830176,4.096191925978518,11.07337084420612
66,0.013829283849830176,4.096191925978518,11.07337084420612
67,0.013829283849830176,4.005486013245976,11.07337084420612
68,0.013829283849830176,4.005486013245976,11.07337084420612
69,0.013829283849830176,4.005486013245976,11.07337084420612
70,0.013829283849830176,4.005486013245976,11.07337084420612
71,0.013829283849830176,4.005486013245976,11.07337084420612
72,0.013829283849830176,4.005486013245976,11.07337084420612
73,0.013829283849830176,4.005486013245976,11.07337084420612
74,0.013829283849830176,4.005486013245976,11.07337084420612
75,0.013829283849830176,4.005486013245976,11.07337084420612
76,0.013829283849830176,4.005486013245976,11.07337084420612
77,0.013829283849830176,4.005486013245976,11.07337084420612
78,0.013829283849830176,4.005486013245976,11.07337084420612
79,0.013829283849830176,4.005486013245976,11.07337084420612
80,0.013829283849830176,4.005486013245976,3.0411883691039296
81,0.013829283849830176,4.005486013245976,3.0411883691039296
82,0.013829283849830176,4.005486013245976,3.0411883691039296
83,0.013829283849830176,4.005486013245976,3.0411883691039296
84,0.013829283849830176,4.005486013245976,3.0411883691039296
85,0.013829283849830176,4.005486013245976,3.0411883691039296
86,0.013829283849830176,4.005486013245976,3.0411883691039296
87,0.013829283849830176,4.005486013245976,3.0411883691039296
88,0.013829283849830176,4.005486013245976,3.0411883691039296
89,0.013829283849830176,4.005486013245976,3.0411883691039296
90,0.013829283849830176,4.005486013245976,3.0411883691039296
91,0.013829283849830176,4.005486013245976,3.0411883691039296
92,0.013829283849830176,4.005486013245976,3.0411883691039296
93,0.013829283849830176,4.005486013245976,3.0411883691039296
94,0.013829283849830176,4.005486013245976,3.0411883691039296
95,0.013829283849830176,4.005486013245976,3.0411883691039296
96,0.013829283849830176,4.005486013245976,3.0411883691039296
97,0.013829283849830176,4.005486013245976,3.0411883691039296
98,0.013829283849830176,4.005486013245976,3.0411883691039296
99,0.013829283849830176,4.005486013245976,3.0411883691039296
100,0.013829283849830176,4.005486013245976,1.2387347355570562
101,0.013829283849830176,4.005486013245976,1.2387347355570562
102,0.013829283849830176,4.005486013245976,1.2387347355570562
103,0.013829283849830176,4.005486013245976,1.2387347355570562
104,0.013829283849830176,4.005486013245976,1.2387347355570562
105,0.013829283849830176,4.005486013245976,1.2387347355570562
106,0.013829283849830176,4.005486013245976,1.2387347355570562
107,0.013829283849830176,4.005486013245976,1.2387347355570562
108,0.013829283849830176,4.005486013245976,1.2387347355570562
109,0.013829283849830176,4.005486013245976,1.2387347355570562
110,0.013829283849830176,4.005486013245976,1.2387347355570562
111,0.013829283849830176,4.005486013245976,1.2387347355570562
112,0.013829283849830176,4.005486013245976,1.2387347355570562
113,0.013829283849830176,4.005486013245976,1.2387347355570562
114,0.013829283849830176,4.005486013245976,1.2387347355570562
115,0.013829283849830176,4.005486013245976,1.2387347355570562
116,0.013829283849830176,4.005486013245976,1.2387347355570562
117,0.013829283849830176,4.005486013245976,1.2387347355570562
118,0.013829283849830176,4.005486013245976,1.2387347355570562
119,0.013829283849830176,4.005486013245976,1.2387347355570562
120,0.013829283849830176,4.005486013245976,1.2939277985469353
121,0.013829283849830176,4.005486013245976,1.2939277985469353
122,0.013829283849830176,4.005486013245976,1.2939277985469353
123,0.013829283849830176,4.005486013245976,1.2939277985469353
124,0.013829283849830176,4.005486013245976,1.2939277985469353
125,0.013829283849830176,4.000638397386723,1.2939277985469353
126,0.013829283849830176,4.000638397386723,1.2939277985469353
127,0.013829283849830176,4.000638397386723,1.2939277985469353
128,0.013829283849830176,4.000638397386723,1.2939277985469353
129,0.013829283849830176,4.000638397386723,1.2939277985469353
130,0.013829283849830176,4.000638397386723,1.2939277985469353
131,0.013829283849830176,4.000638397386723,1.2939277985469353
132,0.013829283849830176,4.000638397386723,1.2939277985469353
133,0.013829283849830176,4.000638397386723,1.2939277985469353
134,0.013829283849830176,4.000638397386723,1.2939277985469353
135,0.013829283849830176,4.000638397386723,1.2939277985469353
136,0.013829283849830176,4.000638397386723,1.2939277985469353
137,0.013829283849830176,4.000638397386723,1.2939277985469353
138,0.013829283849830176,4.000638397386723,1.2939277985469353
139,0.013829283849830176,4.000638397386723,1.2939277985469353
140,0.013829283849830176,4.000638397386723,1.3297961925819077
141,0.013829283849830176,4.000638397386723,1.3297961925819077
142,0.013829283849830176,4.000638397386723,1.3297961925819077
143,0.013829283849830176,4.000638397386723,1.3297961925819077
144,0.013829283849830176,4.000638397386723,1.3297961925819077
145,0.013829283849830176,4.000638397386723,1.3297961925819077
146,0.013829283849830176,4.000638397386723,1.3297961925819077
147,0.013829283849830176,4.000638397386723,1.3297961925819077
148,0.013829283849830176,4.000638397386723,1.3297961925819077
149,0.013829283849830176,4.000638397386723,1.3297961925819077
150,0.013829283849830176,4.000638397386723,1.3297961925819077
151,0.013829283849830176,4.000638397386723,1.3297961925819077
152,0.013829283849830176,4.000638397386723,1.3297961925819077
153,0.013829283849830176,4.000638397386723,1.3297961925819077
154,0.013829283849830176,4.000638397386723,1.3297961925819077
155,0.013829283849830176,4.000638397386723,1.3297961925819077
156,0.013829283849830176,4.000638397386723,1.3297961925819077
157,0.013829283849830176,4.000638397386723,1.3297961925819077
158,0.013829283849830176,4.000638397386723,1.3297961925819077
159,0.013829283849830176,4.000638397386723,1.3297961925819077
160,0.013829283849830176,4.000638397386723,3.815762570639528
161,0.013829283849830176,4.000638397386723,3.815762570639528
162,0.013829283849830176,4.000638397386723,3.815762570639528
163,0.013829283849830176,4.000638397386723,3.815762570639528
164,0.013829283849830176,4.000638397386723,3.815762570639528
165,0.013829283849830176,4.000638397386723,3.815762570639528
166,0.013829283849830176,4.000638397386723,3.815762570639528
167,0.013829283849830176,4.000638397386723,3.815762570639528
168,0.013829283849830176,4.000638397386723,3.815762570639528
169,0.013829283849830176,4.000638397386723,3.815762570639528
170,0.013829283849830176,4.000638397386723,3.815762570639528
171,0.013829283849830176,4.000638397386723,3.815762570639528
172,0.013829283849830176,4.000638397386723,3.815762570639528
173,0.013829283849830176,4.000638397386723,3.815762570639528
174,0.013829283849830176,4.000638397386723,3.815762570639528
175,0.013829283849830176,3.9834884406483546,3.815762570639528
176,0.013829283849830176,3.9834884406483546,3.815762570639528
177,0.013829283849830176,3.9834884406483546,3.815762570639528
178,0.013829283849830176,3.9834884406483546,3.815762570639528
179,0.013829283849830176,3.9834884406483546,3.815762570639528
180,0.013829283849830176,3.9834884406483546,1.781592976625637
181,0.013829283849830176,3.9834884406483546,1.781592976625637
182,0.013829283849830176,3.9834884406483546,1.781592976625637
183,0.013829283849830176,3.9834884406483546,1.781592976625637
184,0.013829283849830176,3.9834884406483546,1.781592976625637
185,0.013829283849830176,3.9834884406483546,1.781592976625637
186,0.013829283849830176,3.9834884406483546,1.781592976625637
187,0.013829283849830176,3.9834884406483546,1.781592976625637
188,0.013829283849830176,3.9834884406483546,1.781592976625637
189,0.013829283849830176,3.9834884406483546,1.781592976625637
190,0.013829283849830176,3.9834884406483546,1.781592976625637
191,0.013829283849830176,3.9834884406483546,1.781592976625637
192,0.013829283849830176,3.9834884406483546,1.781592976625637
193,0.013829283849830176,3.9834884406483546,1.781592976625637
194,0.013829283849830176,3.9834884406483546,1.781592976625637
195,0.013829283849830176,3.9834884406483546,1.781592976625637
196,0.013829283849830176,3.9834884406483546,1.781592976625637
197,0.013829283849830176,3.9834884406483546,1.781592976625637
198,0.013829283849830176,3.9834884406483546,1.781592976625637
199,0.013829283849830176,3.9834884406483546,1.781592976625637
200,0.013829283849830176,3.9834884406483546,2.1782946819743767
201,0.013829283849830176,3.9834884406483546,2.1782946819743767
202,0.013829283849830176,3.9834884406483546,2.1782946819743767
203,0.013829283849830176,3.9834884406483546,2.1782946819743767
204,0.013829283849830176,3.9834884406483546,2.1782946819743767
205,0.013829283849830176,3.9834884406483546,2.1782946819743767
206,0.013829283849830176,3.9834884406483546,2.1782946819743767
207,0.013829283849830176,3.9834884406483546,2.1782946819743767
208,0.013829283849830176,3.9834884406483546,2.1782946819743767
209,0.013829283849830176,3.9834884406483546,2.1782946819743767
210,0.013829283849830176,3.9834884406483546,2.1782946819743767
211,0.013829283849830176,3.9834884406483546,2.1782946819743767
212,0.013829283849830176,3.9834884406483546,2.1782946819743767
213,0.013829283849830176,3.9834884406483546,2.1782946819743767
214,0.013829283849830176,3.9834884406483546,2.1782946819743767
215,0.013829283849830176,3.9834884406483546,2.1782946819743767
216,0.013829283849830176,3.9834884406483546,2.1782946819743767
217,0.013829283849830176,3.9834884406483546,2.1782946819743767
218,0.013829283849830176,3.9834884406483546,2.1782946819743767
219,0.013829283849830176,3.9834884406483546,2.1782946819743767
220,0.013829283849830176,3.9834884406483546,1.5779180193267504
221,0.013829283849830176,3.9834884406483546,1.5779180193267504
222,0.013829283849830176,3.9834884406483546,1.5779180193267504
223,0.013829283849830176,3.9834884406483546,1.5779180193267504
224,0.013829283849830176,3.9834884406483546,1.5779180193267504
225,0.013829283849830176,3.9834884406483546,1.5779180193267504
226,0.013829283849830176,3.9834884406483546,1.5779180193267504
227,0.013829283849830176,3.9834884406483546,1.5779180193267504
228,0.013829283849830176,3.9834884406483546,1.5779180193267504
229,0.013829283849830176,3.9834884406483546,1.5779180193267504
230,0.013829283849830176,3.9834884406483546,1.5779180193267504
231,0.013829283849830176,3.9834884406483546,1.5779180193267504
232,0.013829283849830176,3.9834884406483546,1.5779180193267504
233,0.013829283849830176,3.9834884406483546,1.5779180193267504
234,0.013829283849830176,3.9834884406483546,1.5779180193267504
235,0.013829283849830176,3.9834884406483546,1.5779180193267504
236,0.013829283849830176,3.9834884406483546,1.5779180193267504
237,0.013829283849830176,3.9834884406483546,1.5779180193267504
238,0.013829283849830176,3.9834884406483546,1.5779180193267504
239,0.013829283849830176,3.9834884406483546,1.5779180193267504
240,0.013829283849830176,3.9834884406483546,1.0698306024599535
241,0.013829283849830176,3.9834884406483546,1.0698306024599535
242,0.013829283849830176,3.9834884406483546,1.0698306024599535
243,0.013829283849830176,3.9834884406483546,1.0698306024599535
244,0.013829283849830176,3.9834884406483546,1.0698306024599535
245,0.013829283849830176,3.9834884406483546,1.0698306024599535
246,0.013829283849830176,3.9834884406483546,1.0698306024599535
247,0.013829283849830176,3.9834884406483546,1.0698306024599535
248,0.013829283849830176,3.9834884406483546,1.0698306024599535
249,0.013829283849830176,3.9834884406483546,1.0698306024599535
250,0.013829283849830176,3.9834884406483546,1.0698306024599535
251,0.013829283849830176,3.9834884406483546,1.0698306024599535
252,0.013829283849830176,3.9834884406483546,1.0698306024599535
253,0.013829283849830176,3.9834884406483546,1.0698306024599535
254,0.013829283849830176,3.9834884406483546,1.0698306024599535
255,0.013829283849830176,3.9834884406483546,1.0698306024599535
256,0.013829283849830176,3.9834884406483546,1.0698306024599535
257,0.013829283849830176,3.9834884406483546,1.0698306024599535
258,0.013829283849830176,3.9834884406483546,1.0698306024599535
259,0.013829283849830176,3.9834884406483546,1.0698306024599535
260,0.013829283849830176,3.9834884406483546,1.0765202372040203
261,0.013829283849830176,3.9834884406483546,1.0765202372040203
262,0.013829283849830176,3.9834884406483546,1.0765202372040203
263,0.013829283849830176,3.9834884406483546,1.0765202372040203
264,0.013829283849830176,3.9834884406483546,1.0765202372040203
265,0.013829283849830176,3.9834884406483546,1.0765202372040203
266,0.013829283849830176,3.9834884406483546,1.0765202372040203
267,0.013829283849830176,3.9834884406483546,1.0765202372040203
268,0.013829283849830176,3.9834884406483546,1.0765202372040203
269,0.013829283849830176,3.9834884406483546,1.0765202372040203
270,0.013829283849830176,3.9834884406483546,1.0765202372040203
271,0.013829283849830176,3.9834884406483546,1.0765202372040203
272,0.013829283849830176,3.9834884406483546,1.0765202372040203
273,0.013829283849830176,3.9834884406483546,1.0765202372040203
274,0.013829283849830176,3.9834884406483546,1.0765202372040203
275,0.013829283849830176,3.9834884406483546,1.0765202372040203
276,0.013829283849830176,3.9834884406483546,1.0765202372040203
277,0.013829283849830176,3.9834884406483546,1.0765202372040203
278,0.013829283849830176,3.9834884406483546,1.0765202372040203
279,0.013829283849830176,3.9834884406483546,1.0765202372040203
280,0.013829283849830176,3.9834884406483546,1.1472497315082464
281,0.013829283849830176,3.9834884406483546,1.1472497315082464
282,0.013829283849830176,3.9834884406483546,1.1472497315082464
283,0.013829283849830176,3.9834884406483546,1.1472497315082464
284,0.013829283849830176,3.9834884406483546,1.1472497315082464
285,0.013829283849830176,3.9834884406483546,1.1472497315082464
286,0.013829283849830176,3.9834884406483546,1.1472497315082464
287,0.013829283849830176,3.9834884406483546,1.1472497315082464
288,0.013829283849830176,3.9834884406483546,1.1472497315082464
289,0.013829283849830176,3.9834884406483546,1.1472497315082464
290,0.013829283849830176,3.9834884406483546,1.1472497315082464
291,0.013829283849830176,3.9834884406483546,1.1472497315082464
292,0.013829283849830176,3.9834884406483546,1.1472497315082464
293,0.013829283849830176,3.9834884406483546,1.1472497315082464
294,0.013829283849830176,3.9834884406483546,1.1472497315082464
295,0.013829283849830176,3.9834884406483546,1.1472497315082464
296,0.013829283849830176,3.9834884406483546,1.1472497315082464
297,0.013829283849830176,3.9834884406483546,1.1472497315082464
298,0.013829283849830176,3.9834884406483546,1.1472497315082464
299,0.013829283849830176,3.9834884406483546,1.1472497315082464
300,0.013829283849830176,3.9834884406483546,1.0306126224953935
301,0.013829283849830176,3.9834884406483546,1.0306126224953935
302,0.013829283849830176,3.9834884406483546,1.0306126224953935
303,0.013829283849830176,3.9834884406483546,1.0306126224953935
304,0.013829283849830176,3.9834884406483546,1.0306126224953935
305,0.013829283849830176,3.9834884406483546,1.0306126224953935
306,0.013829283849830176,3.9834884406483546,1.0306126224953935
307,0.013829283849830176,3.9834884406483546,1.0306126224953935
308,0.013829283849830176,3.9834884406483546,1.0306126224953935
309,0.013829283849830176,3.9834884406483546,1.0306126224953935
310,0.013829283849830176,3.9834884406483546,1.0306126224953935
311,0.013829283849830176,3.9834884406483546,1.0306126224953935
312,0.013829283849830176,3.9834884406483546,1.0306126224953935
313,0.013829283849830176,3.9834884406483546,1.0306126224953935
314,0.013829283849830176,3.9834884406483546,1.0306126224953935
315,0.013829283849830176,3.9834884406483546,1.0306126224953935
316,0.013829283849830176,3.9834884406483546,1.0306126224953935
317,0.013829283849830176,3.9834884406483546,1.0306126224953935
318,0.013829283849830176,3.9834884406483546,1.0306126224953935
319,0.013829283849830176,3.9834884406483546,1.0306126224953935
320,0.013829283849830176,3.9834884406483546,0.9992137952635876
321,0.013829283849830176,3.9834884406483546,0.9992137952635876
322,0.013829283849830176,3.9834884406483546,0.9992137952635876
323,0.013829283849830176,3.9834884406483546,0.9992137952635876
324,0.013829283849830176,3.9834884406483546,0.9992137952635876
325,0.013829283849830176,3.9834884406483546,0.9992137952635876
326,0.013829283849830176,3.9834884406483546,0.9992137952635876
327,0.013829283849830176,3.9834884406483546,0.9992137952635876
328,0.013829283849830176,3.9834884406483546,0.9992137952635876
329,0.013829283849830176,3.9834884406483546,0.9992137952635876
330,0.013829283849830176,3.9834884406483546,0.9992137952635876
331,0.013829283849830176,3.9834884406483546,0.9992137952635876
332,0.013829283849830176,3.9834884406483546,0.9992137952635876
333,0.013829283849830176,3.9834884406483546,0.9992137952635876
334,0.013829283849830176,3.9834884406483546,0.9992137952635876
335,0.013829283849830176,3.9834884406483546,0.9992137952635876
336,0.013829283849830176,3.9834884406483546,0.9992137952635876
337,0.013829283849830176,3.9834884406483546,0.9992137952635876
338,0.013829283849830176,3.9834884406483546,0.9992137952635876
339,0.013829283849830176,3.9834884406483546,0.9992137952635876
340,0.013829283849830176,3.9834884406483546,1.0129300779059491
341,0.013829283849830176,3.9834884406483546,1.0129300779059491
342,0.013829283849830176,3.9834884406483546,1.0129300779059491
343,0.013829283849830176,3.9834884406483546,1.0129300779059491
344,0.013829283849830176,3.9834884406483546,1.0129300779059491
345,0.013829283849830176,3.9834884406483546,1.0129300779059491
346,0.013829283849830176,3.9834884406483546,1.0129300779059491
347,0.013829283849830176,3.9834884406483546,1.0129300779059491
348,0.013829283849830176,3.9834884406483546,1.0129300779059491
349,0.013829283849830176,3.9834884406483546,1.0129300779059491
350,0.013829283849830176,3.9834884406483546,1.0129300779059491
351,0.013829283849830176,3.9834884406483546,1.0129300779059491
352,0.013829283849830176,3.9834884406483546,1.0129300779059491
353,0.013829283849830176,3.9834884406483546,1.0129300779059491
354,0.013829283849830176,3.9834884406483546,1.0129300779059491
355,0.013829283849830176,3.9834884406483546,1.0129300779059491
356,0.013829283849830176,3.983114318817403,1.0129300779059491
357,0.013829283849830176,3.983114318817403,1.0129300779059491
358,0.013829283849830176,3.983114318817403,1.0129300779059491
359,0.013829283849830176,3.983114318817403,1.0129300779059491
360,0.013829283849830176,3.983114318817403,1.0091358686004988
361,0.013829283849830176,3.983114318817403,1.0091358686004988
362,0.013829283849830176,3.983114318817403,1.0091358686004988
363,0.013829283849830176,3.983114318817403,1.0091358686004988
364,0.013829283849830176,3.983114318817403,1.0091358686004988
365,0.013829283849830176,3.983114318817403,1.0091358686004988
366,0.013829283849830176,3.983114318817403,1.0091358686004988
367,0.013829283849830176,3.983114318817403,1.0091358686004988
368,0.013829283849830176,3.983114318817403,1.0091358686004988
369,0.013829283849830176,3.983114318817403,1.0091358686004988
370,0.013829283849830176,3.983114318817403,1.0091358686004988
371,0.013829283849830176,3.983114318817403,1.0091358686004988
372,0.013829283849830176,3.983114318817403,1.0091358686004988
373,0.013829283849830176,3.983114318817403,1.0091358686004988
374,0.013829283849830176,3.983114318817403,1.0091358686004988
375,0.013829283849830176,3.983114318817403,1.0091358686004988
376,0.013829283849830176,3.983114318817403,1.0091358686004988
377,0.013829283849830176,3.983114318817403,1.0091358686004988
378,0.013829283849830176,3.983114318817403,1.0091358686004988
379,0.013829283849830176,3.983114318817403,1.0091358686004988
380,0.013829283849830176,3.983114318817403,1.0075039388820652
381,0.013829283849830176,3.983114318817403,1.0075039388820652
382,0.013829283849830176,3.983114318817403,1.0075039388820652
383,0.013829283849830176,3.983114318817403,1.0075039388820652
384,0.013829283849830176,3.983114318817403,1.0075039388820652
385,0.013829283849830176,3.983114318817403,1.0075039388820652
386,0.013829283849830176,3.983114318817403,1.0075039388820652
387,0.013829283849830176,3.983114318817403,1.0075039388820652
388,0.013829283849830176,3.983114318817403,1.0075039388820652
389,0.013829283849830176,3.983114318817403,1.0075039388820652
390,0.013829283849830176,3.983114318817403,1.0075039388820652
391,0.013829283849830176,3.983114318817403,1.0075039388820652
392,0.013829283849830176,3.983114318817403,1.0075039388820652
393,0.013829283849830176,3.983114318817403,1.0075039388820652
394,0.013829283849830176,3.983114318817403,1.0075039388820652
395,0.013829283849830176,3.983114318817403,1.0075039388820652
396,0.013829283849830176,3.983114318817403,1.0075039388820652
397,0.013829283849830176,3.983114318817403,1.0075039388820652
398,0.013829283849830176,3.983114318817403,1.0075039388820652
399,0.013829283849830176,3.983114318817403,1.0075039388820652
400,0.013829283849830176,3.983114318817403,1.0087636090242817
401,0.013829283849830176,3.983114318817403,1.0087636090242817
402,0.013829283849830176,3.983114318817403,1.0087636090242817
403,0.013829283849830176,3.983114318817403,1.0087636090242817
404,0.013829283849830176,3.983114318817403,1.0087636090242817
405,0.013829283849830176,3.983114318817403,1.0087636090242817
406,0.013829283849830176,3.983114318817403,1.0087636090242817
407,0.013829283849830176,3.983114318817403,1.0087636090242817
408,0.013829283849830176,3.983114318817403,1.0087636090242817
409,0.013829283849830176,3.983114318817403,1.0087636090242817
410,0.013829283849830176,3.983114318817403,1.0087636090242817
411,0.013829283849830176,3.983114318817403,1.0087636090242817
412,0.013829283849830176,3.983114318817403,1.0087636090242817
413,0.013829283849830176,3.983114318817403,1.0087636090242817
414,0.013829283849830176,3.983114318817403,1.0087636090242817
415,0.013829283849830176,3.983114318817403,1.0087636090242817
416,0.013829283849830176,3.983114318817403,1.0087636090242817
417,0.013829283849830176,3.983114318817403,1.0087636090242817
418,0.013829283849830176,3.983114318817403,1.0087636090242817
419,0.013829283849830176,3.983114318817403,1.0087636090242817
420,0.013829283849830176,3.983114318817403,1.010067892250813
421,0.013829283849830176,3.983114318817403,1.010067892250813
422,0.013829283849830176,3.983114318817403,1.010067892250813
423,0.013829283849830176,3.983114318817403,1.010067892250813
424,0.013829283849830176,3.983114318817403,1.010067892250813
425,0.013829283849830176,3.983114318817403,1.010067892250813
426,0.013829283849830176,3.983114318817403,1.010067892250813
427,0.013829283849830176,3.983114318817403,1.010067892250813
428,0.013829283849830176,3.983114318817403,1.010067892250813
429,0.013829283849830176,3.983114318817403,1.010067892250813
430,0.013829283849830176,3.983114318817403,1.010067892250813
431,0.013829283849830176,3.983114318817403,1.010067892250813
432,0.013829283849830176,3.983114318817403,1.010067892250813
433,0.013829283849830176,3.983114318817403,1.010067892250813
434,0.013829283849830176,3.983114318817403,1.010067892250813
435,0.013829283849830176,3.983114318817403,1.010067892250813
436,0.013829283849830176,3.983114318817403,1.010067892250813
437,0.013829283849830176,3.983114318817403,1.010067892250813
438,0.013829283849830176,3.983114318817403,1.010067892250813
439,0.013829283849830176,3.983114318817403,1.010067892250813
440,0.013829283849830176,3.983114318817403,1.0109690821307353
441,0.013829283849830176,3.983114318817403,1.0109690821307353
442,0.013829283849830176,3.983114318817403,1.0109690821307353
443,0.013829283849830176,3.983114318817403,1.0109690821307353
444,0.013829283849830176,3.983114318817403,1.0109690821307353
445,0.013829283849830176,3.983114318817403,1.0109690821307353
446,0.013829283849830176,3.983114318817403,1.0109690821307353
447,0.013829283849830176,3.983114318817403,1.0109690821307353
448,0.013829283849830176,3.983114318817403,1.0109690821307353
449,0.013829283849830176,3.983114318817403,1.0109690821307353
450,0.013829283849830176,3.983114318817403,1.0109690821307353
451,0.013829283849830176,3.983114318817403,1.0109690821307353
452,0.013829283849830176,3.983114318817403,1.0109690821307353
453,0.013829283849830176,3.983114318817403,1.0109690821307353
454,0.013829283849830176,3.983114318817403,1.0109690821307353
455,0.013829283849830176,3.983114318817403,1.0109690821307353
456,0.013829283849830176,3.983114318817403,1.0109690821307353
457,0.013829283849830176,3.983114318817403,1.0109690821307353
458,0.013829283849830176,3.983114318817403,1.0109690821307353
459,0.013829283849830176,3.983114318817403,1.0109690821307353
460,0.013829283849830176,3.983114318817403,0.9953347254502152
461,0.013829283849830176,3.983114318817403,0.9953347254502152
462,0.013829283849830176,3.983114318817403,0.9953347254502152
463,0.013829283849830176,3.983114318817403,0.9953347254502152
464,0.013829283849830176,3.983114318817403,0.9953347254502152
465,0.013829283849830176,3.983114318817403,0.9953347254502152
466,0.013829283849830176,3.983114318817403,0.9953347254502152
467,0.013829283849830176,3.983114318817403,0.9953347254502152
468,0.013829283849830176,3.983114318817403,0.9953347254502152
469,0.013829283849830176,3.983114318817403,0.9953347254502152
470,0.013829283849830176,3.983114318817403,0.9953347254502152
471,0.013829283849830176,3.983114318817403,0.9953347254502152
472,0.013829283849830176,3.983114318817403,0.9953347254502152
473,0.013829283849830176,3.983114318817403,0.9953347254502152
474,0.013829283849830176,3.983114318817403,0.9953347254502152
475,0.013829283849830176,3.983114318817403,0.9953347254502152
476,0.013829283849830176,3.983114318817403,0.9953347254502152
477,0.013829283849830176,3.983114318817403,0.9953347254502152
478,0.013829283849830176,3.983114318817403,0.9953347254502152
479,0.013829283849830176,3.983114318817403,0.9953347254502152
480,0.013829283849830176,3.983114318817403,0.9958672724221529
481,0.013829283849830176,3.983114318817403,0.9958672724221529
482,0.013829283849830176,3.983114318817403,0.9958672724221529
483,0.013829283849830176,3.983114318817403,0.9958672724221529
484,0.013829283849830176,3.983114318817403,0.9958672724221529
485,0.013829283849830176,3.983114318817403,0.9958672724221529
486,0.013829283849830176,3.983114318817403,0.9958672724221529
487,0.013829283849830176,3.983114318817403,0.9958672724221529
488,0.013829283849830176,3.983114318817403,0.9958672724221529
489,0.013829283849830176,3.983114318817403,0.9958672724221529
490,0.013829283849830176,3.983114318817403,0.9958672724221529
491,0.013829283849830176,3.983114318817403,0.9958672724221529
492,0.013829283849830176,3.983114318817403,0.9958672724221529
493,0.013829283849830176,3.983114318817403,0.9958672724221529
494,0.013829283849830176,3.983114318817403,0.9958672724221529
495,0.013829283849830176,3.983114318817403,0.9958672724221529
496,0.013829283849830176,3.983114318817403,0.9958672724221529
497,0.013829283849830176,3.983114318817403,0.9958672724221529
498,0.013829283849830176,3.983114318817403,0.9958672724221529
499,0.013829283849830176,3.983114318817403,0.9958672724221529
500,0.013829283849830176,3.983114318817403,0.9953876722267925
501,0.013829283849830176,3.983114318817403,0.9953876722267925
502,0.013829283849830176,3.983114318817403,0.9953876722267925
503,0.013829283849830176,3.983114318817403,0.9953876722267925
504,0.013829283849830176,3.983114318817403,0.9953876722267925
505,0.013829283849830176,3.983114318817403,0.9953876722267925
506,0.013829283849830176,3.983114318817403,0.9953876722267925
507,0.013829283849830176,3.983114318817403,0.9953876722267925
508,0.013829283849830176,3.983114318817403,0.9953876722267925
509,0.013829283849830176,3.983114318817403,0.9953876722267925
510,0.013829283849830176,3.983114318817403,0.9953876722267925
511,0.013829283849830176,3.983114318817403,0.9953876722267925
512,0.013829283849830176,3.983114318817403,0.9953876722267925
513,0.013829283849830176,3.983114318817403,0.9953876722267925
514,0.013829283849830176,3.983114318817403,0.9953876722267925
515,0.013829283849830176,3.983114318817403,0.9953876722267925
516,0.013829283849830176,3.983114318817403,0.9953876722267925
517,0.013829283849830176,3.983114318817403,0.9953876722267925
518,0.013829283849830176,3.983114318817403,0.9953876722267925
519,0.013829283849830176,3.983114318817403,0.9953876722267925
520,0.013829283849830176,3.983114318817403,0.9962182167162332
521,0.013829283849830176,3.983114318817403,0.9962182167162332
522,0.013829283849830176,3.983114318817403,0.9962182167162332
523,0.013829283849830176,3.983114318817403,0.9962182167162332
524,0.013829283849830176,3.983114318817403,0.9962182167162332
525,0.013829283849830176,3.983114318817403,0.9962182167162332
526,0.013829283849830176,3.983114318817403,0.9962182167162332
527,0.013829283849830176,3.983114318817403,0.9962182167162332
528,0.013829283849830176,3.983114318817403,0.9962182167162332
529,0.013829283849830176,3.983114318817403,0.9962182167162332
530,0.013829283849830176,3.983114318817403,0.9962182167162332
531,0.013829283849830176,3.983114318817403,0.9962182167162332
532,0.013829283849830176,3.983114318817403,0.9962182167162332
533,0.013829283849830176,3.983114318817403,0.9962182167162332
534,0.013829283849830176,3.983114318817403,0.9962182167162332
535,0.013829283849830176,3.983114318817403,0.9962182167162332
536,0.013829283849830176,3.983114318817403,0.9962182167162332
537,0.013829283849830176,3.983114318817403,0.9962182167162332
538,0.013829283849830176,3.983114318817403,0.9962182167162332
539,0.013829283849830176,3.983114318817403,0.9962182167162332
540,0.013829283849830176,3.983114318817403,1.00040464468651
541,0.013829283849830176,3.983114318817403,1.00040464468651
542,0.013829283849830176,3.983114318817403,1.00040464468651
543,0.013829283849830176,3.983114318817403,1.00040464468651
544,0.013829283849830176,3.983114318817403,1.00040464468651
545,0.013829283849830176,3.983114318817403,1.00040464468651
546,0.013829283849830176,3.983114318817403,1.00040464468651
547,0.013829283849830176,3.983114318817403,1.00040464468651
548,0.013829283849830176,3.983114318817403,1.00040464468651
549,0.013829283849830176,3.983114318817403,1.00040464468651
550,0.013829283849830176,3.983114318817403,1.00040464468651
551,0.013829283849830176,3.983114318817403,1.00040464468651
552,0.013829283849830176,3.983114318817403,1.00040464468651
553,0.013829283849830176,3.983114318817403,1.00040464468651
554,0.013829283849830176,3.983114318817403,1.00040464468651
555,0.013829283849830176,3.983114318817403,1.00040464468651
556,0.013829283849830176,3.983114318817403,1.00040464468651
557,0.013829283849830176,3.983114318817403,1.00040464468651
558,0.013829283849830176,3.983114318817403,1.00040464468651
559,0.013829283849830176,3.983114318817403,1.00040464468651
560,0.013829283849830176,3.983114318817403,1.0010352505090125
561,0.013829283849830176,3.983114318817403,1.0010352505090125
562,0.013829283849830176,3.983114318817403,1.0010352505090125
563,0.013829283849830176,3.983114318817403,1.0010352505090125
564,0.013829283849830176,3.983114318817403,1.0010352505090125
565,0.013829283849830176,3.983114318817403,1.0010352505090125
566,0.013829283849830176,3.983114318817403,1.0010352505090125
567,0.013829283849830176,3.983114318817403,1.0010352505090125
568,0.013829283849830176,3.983114318817403,1.0010352505090125
569,0.013829283849830176,3.983114318817403,1.0010352505090125
570,0.013829283849830176,3.983114318817403,1.0010352505090125
571,0.013829283849830176,3.983114318817403,1.0010352505090125
572,0.013829283849830176,3.983114318817403,1.0010352505090125
573,0.013829283849830176,3.983114318817403,1.0010352505090125
574,0.013829283849830176,3.983114318817403,1.0010352505090125
575,0.013829283849830176,3.983114318817403,1.0010352505090125
576,0.013829283849830176,3.983114318817403,1.0010352505090125
577,0.013829283849830176,3.983114318817403,1.0010352505090125
578,0.013829283849830176,3.983114318817403,1.0010352505090125
579,0.013829283849830176,3.983114318817403,1.0010352505090125
580,0.013829283849830176,3.983114318817403,1.0010352505090125
581,0.013829283849830176,3.983114318817403,1.0010352505090125
582,0.013829283849830176,3.983114318817403,1.0010352505090125
583,0.013829283849830176,3.983114318817403,1.0010352505090125
584,0.013829283849830176,3.983114318817403,1.0010352505090125
585,0.013829283849830176,3.983114318817403,1.0010352505090125
586,0.013829283849830176,3.983114318817403,1.0010352505090125
587,0.013829283849830176,3.983114318817403,1.0010352505090125
588,0.013829283849830176,3.983114318817403,1.0010352505090125
589,0.013829283849830176,3.983114318817403,1.0010352505090125
590,0.013829283849830176,3.983114318817403,1.0010352505090125
591,0.013829283849830176,3.983114318817403,1.0010352505090125
592,0.013829283849830176,3.983114318817403,1.0010352505090125
593,0.013829283849830176,3.983114318817403,1.0010352505090125
594,0.013829283849830176,3.983114318817403,1.0010352505090125
595,0.013829283849830176,3.983114318817403,1.0010352505090125
596,0.013829283849830176,3.983114318817403,1.0010352505090125
597,0.013829283849830176,3.983114318817403,1.0010352505090125
598,0.013829283849830176,3.983114318817403,1.0010352505090125
599,0.013829283849830176,3.983114318817403,1.0010352505090125
600,0.013829283849830176,3.983114318817403,1.0014545914006483
601,0.013829283849830176,3.983114318817403,1.0014545914006483
602,0.013829283849830176,3.983114318817403,1.0014545914006483
603,0.013829283849830176,3.983114318817403,1.0014545914006483
604,0.013829283849830176,3.983114318817403,1.0014545914006483
605,0.013829283849830176,3.983114318817403,1.0014545914006483
606,0.013829283849830176,3.983114318817403,1.0014545914006483
607,0.013829283849830176,3.983114318817403,1.0014545914006483
608,0.013829283849830176,3.983114318817403,1.0014545914006483
609,0.013829283849830176,3.983114318817403,1.0014545914006483
610,0.013829283849830176,3.983114318817403,1.0014545914006483
611,0.013829283849830176,3.983114318817403,1.0014545914006483
612,0.013829283849830176,3.983114318817403,1.0014545914006483
613,0.013829283849830176,3.983114318817403,1.0014545914006483
614,0.013829283849830176,3.983114318817403,1.0014545914006483
615,0.013829283849830176,3.983114318817403,1.0014545914006483
616,0.013829283849830176,3.983114318817403,1.0014545914006483
617,0.013829283849830176,3.983114318817403,1.0014545914006483
618,0.013829283849830176,3.983114318817403,1.0014545914006483
619,0.013829283849830176,3.983114318817403,1.0014545914006483
620,0.013829283849830176,3.983114318817403,1.0017901552545094
621,0.013829283849830176,3.983114318817403,1.0017901552545094
622,0.013829283849830176,3.983114318817403,1.0017901552545094
623,0.013829283849830176,3.983114318817403,1.0017901552545094
624,0.013829283849830176,3.983114318817403,1.0017901552545094
625,0.013829283849830176,3.983114318817403,1.0017901552545094
626,0.013829283849830176,3.983114318817403,1.0017901552545094
627,0.013829283849830176,3.983114318817403,1.0017901552545094
628,0.013829283849830176,3.983114318817403,1.0017901552545094
629,0.013829283849830176,3.983114318817403,1.0017901552545094
630,0.013829283849830176,3.983114318817403,1.0017901552545094
631,0.013829283849830176,3.983114318817403,1.0017901552545094
632,0.013829283849830176,3.983114318817403,1.0017901552545094
633,0.013829283849830176,3.983114318817403,1.0017901552545094
634,0.013829283849830176,3.983114318817403,1.0017901552545094
635,0.013829283849830176,3.983114318817403,1.0017901552545094
636,0.013829283849830176,3.983114318817403,1.0017901552545094
637,0.013829283849830176,3.983114318817403,1.0017901552545094
638,0.013829283849830176,3.983114318817403,1.0017901552545094
639,0.013829283849830176,3.983114318817403,1.0017901552545094
640,0.013829283849830176,3.983114318817403,1.0046903881081057
641,0.013829283849830176,3.983114318817403,1.0046903881081057
642,0.013829283849830176,3.983114318817403,1.0046903881081057
643,0.013829283849830176,3.983114318817403,1.0046903881081057
644,0.013829283849830176,3.983114318817403,1.0046903881081057
645,0.013829283849830176,3.983114318817403,1.0046903881081057
646,0.013829283849830176,3.983114318817403,1.0046903881081057
647,0.013829283849830176,3.983114318817403,1.0046903881081057
648,0.013829283849830176,3.983114318817403,1.0046903881081057
649,0.013829283849830176,3.983114318817403,1.0046903881081057
650,0.013829283849830176,3.983114318817403,1.0046903881081057
651,0.013829283849830176,3.983114318817403,1.0046903881081057
652,0.013829283849830176,3.983114318817403,1.0046903881081057
653,0.013829283849830176,3.983114318817403,1.0046903881081057
654,0.013829283849830176,3.983114318817403,1.0046903881081057
655,0.013829283849830176,3.983114318817403,1.0046903881081057
656,0.013829283849830176,3.983114318817403,1.0046903881081057
657,0.013829283849830176,3.983114318817403,1.0046903881081057
658,0.013829283849830176,3.983114318817403,1.0046903881081057
659,0.013829283849830176,3.983114318817403,1.0046903881081057
660,0.013829283849830176,3.983114318817403,1.0051998908359128
661,0.013829283849830176,3.983114318817403,1.0051998908359128
662,0.013829283849830176,3.983114318817403,1.0051998908359128
663,0.013829283849830176,3.983114318817403,1.0051998908359128
664,0.013829283849830176,3.983114318817403,1.0051998908359128
665,0.013829283849830176,3.983114318817403,1.0051998908359128
666,0.013829283849830176,3.983114318817403,1.0051998908359128
667,0.013829283849830176,3.983114318817403,1.0051998908359128
668,0.013829283849830176,3.983114318817403,1.0051998908359128
669,0.013829283849830176,3.983114318817403,1.0051998908359128
670,0.013829283849830176,3.983114318817403,1.0051998908359128
671,0.013829283849830176,3.983114318817403,1.0051998908359128
672,0.013829283849830176,3.983114318817403,1.0051998908359128
673,0.013829283849830176,3.983114318817403,1.0051998908359128
674,0.013829283849830176,3.983114318817403,1.0051998908359128
675,0.013829283849830176,3.983114318817403,1.0051998908359128
676,0.013829283849830176,3.983114318817403,1.0051998908359128
677,0.013829283849830176,3.983114318817403,1.0051998908359128
678,0.013829283849830176,3.983114318817403,1.0051998908359128
679,0.013829283849830176,3.983114318817403,1.0051998908359128
680,0.013829283849830176,3.983114318817403,1.0079672733988545
681,0.013829283849830176,3.983114318817403,1.0079672733988545
682,0.013829283849830176,3.983114318817403,1.0079672733988545
683,0.013829283849830176,3.983114318817403,1.0079672733988545
684,0.013829283849830176,3.983114318817403,1.0079672733988545
685,0.013829283849830176,3.983114318817403,1.0079672733988545
686,0.013829283849830176,3.983114318817403,1.0079672733988545
687,0.013829283849830176,3.983114318817403,1.0079672733988545
688,0.013829283849830176,3.983114318817403,1.0079672733988545
689,0.013829283849830176,3.983114318817403,1.0079672733988545
690,0.013829283849830176,3.983114318817403,1.0079672733988545
691,0.013829283849830176,3.983114318817403,1.0079672733988545
692,0.013829283849830176,3.983114318817403,1.0079672733988545
693,0.013829283849830176,3.983114318817403,1.0079672733988545
694,0.013829283849830176,3.983114318817403,1.0079672733988545
695,0.013829283849830176,3.983114318817403,1.0079672733988545
696,0.013829283849830176,3.983114318817403,1.0079672733988545
697,0.013829283849830176,3.983114318817403,1.0079672733988545
698,0.013829283849830176,3.983114318817403,1.0079672733988545
699,0.013829283849830176,3.983114318817403,1.0079672733988545
700,0.013829283849830176,3.983114318817403,0.9987094296735606
701,0.013829283849830176,3.983114318817403,0.9987094296735606
702,0.013829283849830176,3.983114318817403,0.9987094296735606
703,0.013829283849830176,3.983114318817403,0.9987094296735606
704,0.013829283849830176,3.983114318817403,0.9987094296735606
705,0.013829283849830176,3.983114318817403,0.9987094296735606
706,0.013829283849830176,3.983114318817403,0.9987094296735606
707,0.013829283849830176,3.983114318817403,0.9987094296735606
708,0.013829283849830176,3.983114318817403,0.9987094296735606
709,0.013829283849830176,3.983114318817403,0.9987094296735606
710,0.013829283849830176,3.983114318817403,0.9987094296735606
711,0.013829283849830176,3.983114318817403,0.9987094296735606
712,0.013829283849830176,3.983114318817403,0.9987094296735606
713,0.013829283849830176,3.983114318817403,0.9987094296735606
714,0.013829283849830176,3.983114318817403,0.9987094296735606
715,0.013829283849830176,3.983114318817403,0.9987094296735606
716,0.013829283849830176,3.983114318817403,0.9987094296735606
717,0.013829283849830176,3.983114318817403,0.9987094296735606
718,0.013829283849830176,3.983114318817403,0.9987094296735606
719,0.013829283849830176,3.983114318817403,0.9987094296735606
720,0.013829283849830176,3.983114318817403,0.9988788288543571
721,0.013829283849830176,3.983114318817403,0.9988788288543571
722,0.013829283849830176,3.983114318817403,0.9988788288543571
723,0.013829283849830176,3.983114318817403,0.9988788288543571
724,0.013829283849830176,3.983114318817403,0.9988788288543571
725,0.013829283849830176,3.983114318817403,0.9988788288543571
726,0.013829283849830176,3.983114318817403,0.9988788288543571
727,0.013829283849830176,3.983114318817403,0.9988788288543571
728,0.013829283849830176,3.983114318817403,0.9988788288543571
729,0.013829283849830176,3.983114318817403,0.9988788288543571
730,0.013829283849830176,3.983114318817403,0.9988788288543571
731,0.013829283849830176,3.983114318817403,0.9988788288543571
732,0.013829283849830176,3.983114318817403,0.9988788288543571
733,0.013829283849830176,3.983114318817403,0.9988788288543571
734,0.013829283849830176,3.983114318817403,0.9988788288543571
735,0.013829283849830176,3.983114318817403,0.9988788288543571
736,0.013829283849830176,3.983114318817403,0.9988788288543571
737,0.013829283849830176,3.983114318817403,0.9988788288543571
738,0.013829283849830176,3.983114318817403,0.9988788288543571
739,0.013829283849830176,3.983114318817403,0.9988788288543571
740,0.013829283849830176,3.983114318817403,0.9995225634220262
741,0.013829283849830176,3.983114318817403,0.9995225634220262
742,0.013829283849830176,3.983114318817403,0.9995225634220262
743,0.013829283849830176,3.983114318817403,0.9995225634220262
744,0.013829283849830176,3.983114318817403,0.9995225634220262
745,0.013829283849830176,3.983114318817403,0.9995225634220262
746,0.013829283849830176,3.983114318817403,0.9995225634220262
747,0.013829283849830176,3.983114318817403,0.9995225634220262
748,0.013829283849830176,3.983114318817403,0.9995225634220262
749,0.013829283849830176,3.983114318817403,0.9995225634220262
750,0.013829283849830176,3.983114318817403,0.9995225634220262
751,0.013829283849830176,3.983114318817403,0.9995225634220262
752,0.013829283849830176,3.983114318817403,0.9995225634220262
753,0.013829283849830176,3.983114318817403,0.9995225634220262
754,0.013829283849830176,3.983114318817403,0.9995225634220262
755,0.013829283849830176,3.983114318817403,0.9995225634220262
756,0.013829283849830176,3.983114318817403,0.9995225634220262
757,0.013829283849830176,3.983114318817403,0.9995225634220262
758,0.013829283849830176,3.983114318817403,0.9995225634220262
759,0.013829283849830176,3.983114318817403,0.9995225634220262
760,0.013829283849830176,3.983114318817403,1.001236770761464
761,0.013829283849830176,3.983114318817403,1.001236770761464
762,0.013829283849830176,3.983114318817403,1.001236770761464
763,0.013829283849830176,3.983114318817403,1.001236770761464
764,0.013829283849830176,3.983114318817403,1.001236770761464
765,0.013829283849830176,3.983114318817403,1.001236770761464
766,0.013829283849830176,3.983114318817403,1.001236770761464
767,0.013829283849830176,3.983114318817403,1.001236770761464
768,0.013829283849830176,3.983114318817403,1.001236770761464
769,0.013829283849830176,3.983114318817403,1.001236770761464
770,0.013829283849830176,3.983114318817403,1.001236770761464
771,0.013829283849830176,3.983114318817403,1.001236770761464
772,0.013829283849830176,3.983114318817403,1.001236770761464
773,0.013829283849830176,3.983114318817403,1.001236770761464
774,0.013829283849830176,3.983114318817403,1.001236770761464
775,0.013829283849830176,3.983114318817403,1.001236770761464
776,0.013829283849830176,3.983114318817403,1.001236770761464
777,0.013829283849830176,3.983114318817403,1.001236770761464
778,0.013829283849830176,3.983114318817403,1.001236770761464
779,0.013829283849830176,3.983114318817403,1.001236770761464
780,0.013829283849830176,3.983114318817403,1.001788434835074
781,0.013829283849830176,3.983114318817403,1.001788434835074
782,0.013829283849830176,3.983114318817403,1.001788434835074
783,0.013829283849830176,3.983114318817403,1.001788434835074
784,0.013829283849830176,3.983114318817403,1.001788434835074
785,0.013829283849830176,3.983114318817403,1.001788434835074
786,0.013829283849830176,3.983114318817403,1.001788434835074
787,0.013829283849830176,3.983114318817403,1.001788434835074
788,0.013829283849830176,3.983114318817403,1.001788434835074
789,0.013829283849830176,3.983114318817403,1.001788434835074
790,0.013829283849830176,3.983114318817403,1.001788434835074
791,0.013829283849830176,3.983114318817403,1.001788434835074
792,0.013829283849830176,3.983114318817403,1.001788434835074
793,0.013829283849830176,3.983114318817403,1.001788434835074
794,0.013829283849830176,3.983114318817403,1.001788434835074
795,0.013829283849830176,3.983114318817403,1.001788434835074
796,0.013829283849830176,3.983114318817403,1.001788434835074
797,0.013829283849830176,3.983114318817403,1.001788434835074
798,0.013829283849830176,3.983114318817403,1.001788434835074
799,0.013829283849830176,3.983114318817403,1.001788434835074
800,0.013829283849830176,3.983114318817403,1.0037196983446126
801,0.013829283849830176,3.983114318817403,1.0037196983446126
802,0.013829283849830176,3.983114318817403,1.0037196983446126
803,0.013829283849830176,3.983114318817403,1.0037196983446126
804,0.013829283849830176,3.983114318817403,1.0037196983446126
805,0.013829283849830176,3.983114318817403,1.0037196983446126
806,0.013829283849830176,3.983114318817403,1.0037196983446126
807,0.013829283849830176,3.983114318817403,1.0037196983446126
808,0.013829283849830176,3.983114318817403,1.0037196983446126
809,0.013829283849830176,3.983114318817403,1.0037196983446126
810,0.013829283849830176,3.983114318817403,1.0037196983446126
811,0.013829283849830176,3.983114318817403,1.0037196983446126
812,0.013829283849830176,3.983114318817403,1.0037196983446126
813,0.013829283849830176,3.983114318817403,1.0037196983446126
814,0.013829283849830176,3.983114318817403,1.0037196983446126
815,0.013829283849830176,3.983114318817403,1.0037196983446126
816,0.013829283849830176,3.983114318817403,1.0037196983446126
817,0.013829283849830176,3.983114318817403,1.0037196983446126
818,0.013829283849830176,3.983114318817403,1.0037196983446126
819,0.013829283849830176,3.983114318817403,1.0037196983446126
820,0.013829283849830176,3.983114318817403,1.0108738360002683
821,0.013829283849830176,3.983114318817403,1.0108738360002683
822,0.013829283849830176,3.983114318817403,1.0108738360002683
823,0.013829283849830176,3.983114318817403,1.0108738360002683
824,0.013829283849830176,3.983114318817403,1.0108738360002683
825,0.013829283849830176,3.983114318817403,1.0108738360002683
826,0.013829283849830176,3.983114318817403,1.0108738360002683
827,0.013829283849830176,3.983114318817403,1.0108738360002683
828,0.013829283849830176,3.983114318817403,1.0108738360002683
829,0.013829283849830176,3.983114318817403,1.0108738360002683
830,0.013829283849830176,3.983114318817403,1.0108738360002683
831,0.013829283849830176,3.983114318817403,1.0108738360002683
832,0.013829283849830176,3.983114318817403,1.0108738360002683
833,0.013829283849830176,3.983114318817403,1.0108738360002683
834,0.013829283849830176,3.983114318817403,1.0108738360002683
835,0.013829283849830176,3.983114318817403,1.0108738360002683
836,0.013829283849830176,3.983114318817403,1.0108738360002683
837,0.013829283849830176,3.983114318817403,1.0108738360002683
838,0.013829283849830176,3.983114318817403,1.0108738360002683
839,0.013829283849830176,3.983114318817403,1.0108738360002683
840,0.013829283849830176,3.983114318817403,1.0037436646479243
841,0.013829283849830176,3.983114318817403,1.0037436646479243
842,0.013829283849830176,3.983114318817403,1.0037436646479243
843,0.013829283849830176,3.983114318817403,1.0037436646479243
844,0.013829283849830176,3.983114318817403,1.0037436646479243
845,0.013829283849830176,3.983114318817403,1.0037436646479243
846,0.013829283849830176,3.983114318817403,1.0037436646479243
847,0.013829283849830176,3.983114318817403,1.0037436646479243
848,0.013829283849830176,3.983114318817403,1.0037436646479243
849,0.013829283849830176,3.983114318817403,1.0037436646479243
850,0.013829283849830176,3.983114318817403,1.0037436646479243
851,0.013829283849830176,3.983114318817403,1.0037436646479243
852,0.013829283849830176,3.983114318817403,1.0037436646479243
853,0.013829283849830176,3.983114318817403,1.0037436646479243
854,0.013829283849830176,3.983114318817403,1.0037436646479243
855,0.013829283849830176,3.983114318817403,1.0037436646479243
856,0.013829283849830176,3.983114318817403,1.0037436646479243
857,0.013829283849830176,3.983114318817403,1.0037436646479243
858,0.013829283849830176,3.983114318817403,1.0037436646479243
859,0.013829283849830176,3.983114318817403,1.0037436646479243
860,0.013829283849830176,3.983114318817403,1.004551966940113
861,0.013829283849830176,3.983114318817403,1.004551966940113
862,0.013829283849830176,3.983114318817403,1.004551966940113
863,0.013829283849830176,3.983114318817403,1.004551966940113
864,0.013829283849830176,3.983114318817403,1.004551966940113
865,0.013829283849830176,3.983114318817403,1.004551966940113
866,0.013829283849830176,3.983114318817403,1.004551966940113
867,0.013829283849830176,3.983114318817403,1.004551966940113
868,0.013829283849830176,3.983114318817403,1.004551966940113
869,0.013829283849830176,3.983114318817403,1.004551966940113
870,0.013829283849830176,3.983114318817403,1.004551966940113
871,0.013829283849830176,3.983114318817403,1.004551966940113
872,0.013829283849830176,3.983114318817403,1.004551966940113
873,0.013829283849830176,3.983114318817403,1.004551966940113
874,0.013829283849830176,3.983114318817403,1.004551966940113
875,0.013829283849830176,3.983114318817403,1.004551966940113
876,0.013829283849830176,3.983114318817403,1.004551966940113
877,0.013829283849830176,3.983114318817403,1.004551966940113
878,0.013829283849830176,3.983114318817403,1.004551966940113
879,0.013829283849830176,3.983114318817403,1.004551966940113
880,0.013829283849830176,3.983114318817403,1.0014300089509245
881,0.013829283849830176,3.983114318817403,1.0014300089509245
882,0.013829283849830176,3.983114318817403,1.0014300089509245
883,0.013829283849830176,3.983114318817403,1.0014300089509245
884,0.013829283849830176,3.983114318817403,1.0014300089509245
885,0.013829283849830176,3.983114318817403,1.0014300089509245
886,0.013829283849830176,3.983114318817403,1.0014300089509245
887,0.013829283849830176,3.983114318817403,1.0014300089509245
888,0.013829283849830176,3.983114318817403,1.0014300089509245
889,0.013829283849830176,3.983114318817403,1.0014300089509245
890,0.013829283849830176,3.983114318817403,1.0014300089509245
891,0.013829283849830176,3.983114318817403,1.0014300089509245
892,0.013829283849830176,3.983114318817403,1.0014300089509245
893,0.013829283849830176,3.983114318817403,1.0014300089509245
894,0.013829283849830176,3.983114318817403,1.0014300089509245
895,0.013829283849830176,3.983114318817403,1.0014300089509245
896,0.013829283849830176,3.983114318817403,1.0014300089509245
897,0.013829283849830176,3.983114318817403,1.0014300089509245
898,0.013829283849830176,3.983114318817403,1.0014300089509245
899,0.013829283849830176,3.983114318817403,1.0014300089509245
900,0.013829283849830176,3.983114318817403,0.9979526999376702
901,0.013829283849830176,3.983114318817403,0.9979526999376702
902,0.013829283849830176,3.983114318817403,0.9979526999376702
903,0.013829283849830176,3.983114318817403,0.9979526999376702
904,0.013829283849830176,3.983114318817403,0.9979526999376702
905,0.013829283849830176,3.983114318817403,0.9979526999376702
906,0.013829283849830176,3.983114318817403,0.9979526999376702
907,0.013829283849830176,3.983114318817403,0.9979526999376702
908,0.013829283849830176,3.983114318817403,0.9979526999376702
909,0.013829283849830176,3.983114318817403,0.9979526999376702
910,0.013829283849830176,3.983114318817403,0.9979526999376702
911,0.013829283849830176,3.983114318817403,0.9979526999376702
912,0.013829283849830176,3.983114318817403,0.9979526999376702
913,0.013829283849830176,3.983114318817403,0.9979526999376702
914,0.013829283849830176,3.983114318817403,0.9979526999376702
915,0.013829283849830176,3.983114318817403,0.9979526999376702
916,0.013829283849830176,3.983114318817403,0.9979526999376702
917,0.013829283849830176,3.983114318817403,0.9979526999376702
918,0.013829283849830176,3.983114318817403,0.9979526999376702
919,0.013829283849830176,3.983114318817403,0.9979526999376702
920,0.013829283849830176,3.983114318817403,0.9983733736021083
921,0.013829283849830176,3.983114318817403,0.9983733736021083
922,0.013829283849830176,3.983114318817403,0.9983733736021083
923,0.013829283849830176,3.983114318817403,0.9983733736021083
924,0.013829283849830176,3.983114318817403,0.9983733736021083
925,0.013829283849830176,3.983114318817403,0.9983733736021083
926,0.013829283849830176,3.983114318817403,0.9983733736021083
927,0.013829283849830176,3.983114318817403,0.9983733736021083
928,0.013829283849830176,3.983114318817403,0.9983733736021083
929,0.013829283849830176,3.983114318817403,0.9983733736021083
930,0.013829283849830176,3.983114318817403,0.9983733736021083
931,0.013829283849830176,3.983114318817403,0.9983733736021083
932,0.013829283849830176,3.983114318817403,0.9983733736021083
933,0.013829283849830176,3.983114318817403,0.9983733736021083
934,0.013829283849830176,3.983114318817403,0.9983733736021083
935,0.013829283849830176,3.983114318817403,0.9983733736021083
936,0.013829283849830176,3.983114318817403,0.9983733736021083
937,0.013829283849830176,3.983114318817403,0.9983733736021083
938,0.013829283849830176,3.983114318817403,0.9983733736021083
939,0.013829283849830176,3.983114318817403,0.9983733736021083
940,0.013829283849830176,3.983114318817403,0.9966195638927857
941,0.013829283849830176,3.983114318817403,0.9966195638927857
942,0.013829283849830176,3.983114318817403,0.9966195638927857
943,0.013829283849830176,3.983114318817403,0.9966195638927857
944,0.013829283849830176,3.983114318817403,0.9966195638927857
945,0.013829283849830176,3.983114318817403,0.9966195638927857
946,0.013829283849830176,3.983114318817403,0.9966195638927857
947,0.013829283849830176,3.983114318817403,0.9966195638927857
948,0.013829283849830176,3.983114318817403,0.9966195638927857
949,0.013829283849830176,3.983114318817403,0.9966195638927857
950,0.013829283849830176,3.983114318817403,0.9966195638927857
951,0.013829283849830176,3.983114318817403,0.9966195638927857
952,0.013829283849830176,3.983114318817403,0.9966195638927857
953,0.013829283849830176,3.983114318817403,0.9966195638927857
954,0.013829283849830176,3.983114318817403,0.9966195638927857
955,0.013829283849830176,3.983114318817403,0.9966195638927857
956,0.013829283849830176,3.983114318817403,0.9966195638927857
957,0.013829283849830176,3.983114318817403,0.9966195638927857
958,0.013829283849830176,3.983114318817403,0.9966195638927857
959,0.013829283849830176,3.983114318817403,0.9966195638927857
960,0.013829283849830176,3.983114318817403,0.9970278659546317
961,0.013829283849830176,3.983114318817403,0.9970278659546317
962,0.013829283849830176,3.983114318817403,0.9970278659546317
963,0.013829283849830176,3.983114318817403,0.9970278659546317
964,0.013829283849830176,3.983114318817403,0.9970278659546317
965,0.013829283849830176,3.983114318817403,0.9970278659546317
966,0.013829283849830176,3.983114318817403,0.9970278659546317
967,0.013829283849830176,3.983114318817403,0.9970278659546317
968,0.013829283849830176,3.983114318817403,0.9970278659546317
969,0.013829283849830176,3.983114318817403,0.9970278659546317
970,0.013829283849830176,3.983114318817403,0.9970278659546317
971,0.013829283849830176,3.983114318817403,0.9970278659546317
972,0.013829283849830176,3.983114318817403,0.9970278659546317
973,0.013829283849830176,3.983114318817403,0.9970278659546317
974,0.013829283849830176,3.983114318817403,0.9970278659546317
975,0.013829283849830176,3.983114318817403,0.9970278659546317
976,0.013829283849830176,3.983114318817403,0.9970278659546317
977,0.013829283849830176,3.983114318817403,0.9970278659546317
978,0.013829283849830176,3.983114318817403,0.9970278659546317
979,0.013829283849830176,3.983114318817403,0.9970278659546317
980,0.013829283849830176,3.983114318817403,0.9966524307404718
981,0.013829283849830176,3.983114318817403,0.9966524307404718
982,0.013829283849830176,3.983114318817403,0.9966524307404718
983,0.013829283849830176,3.983114318817403,0.9966524307404718
984,0.013829283849830176,3.983114318817403,0.9966524307404718
985,0.013829283849830176,3.983114318817403,0.9966524307404718
986,0.013829283849830176,3.983114318817403,0.9966524307404718
987,0.013829283849830176,3.983114318817403,0.9966524307404718
988,0.013829283849830176,3.983114318817403,0.9966524307404718
989,0.013829283849830176,3.983114318817403,0.9966524307404718
990,0.013829283849830176,3.983114318817403,0.9966524307404718
991,0.013829283849830176,3.983114318817403,0.9966524307404718
992,0.013829283849830176,3.983114318817403,0.9966524307404718
993,0.013829283849830176,3.983114318817403,0.9966524307404718
994,0.013829283849830176,3.983114318817403,0.9966524307404718
995,0.013829283849830176,3.983114318817403,0.9966524307404718
996,0.013829283849830176,3.983114318817403,0.9966524307404718
997,0.013829283849830176,3.983114318817403,0.9966524307404718
998,0.013829283849830176,3.983114318817403,0.9966524307404718
999,0.013829283849830176,3.983114318817403,0.9966524307404718
