,x,y,z
0,4.642039426581104,-1.0554030131744216,39.5371905462423
1,0.10590017275147368,-0.06984848903374186,3.0970157421350013
2,-0.03315361242871029,0.04959020043806728,0.7012504586797288
3,-0.03315361242871029,0.04959020043806728,0.7012504586797288
4,-0.03315361242871029,0.04959020043806728,0.7012504586797288
5,-0.03315361242871029,0.04959020043806728,0.7012504586797288
6,-0.03315361242871029,0.04959020043806728,0.7012504586797288
7,-0.03315361242871029,0.04959020043806728,0.7012504586797288
8,-0.03315361242871029,0.04959020043806728,0.7012504586797288
9,-0.03315361242871029,0.04959020043806728,0.7012504586797288
10,-0.03315361242871029,0.04959020043806728,0.7012504586797288
11,-0.03315361242871029,0.04959020043806728,0.7012504586797288
12,-0.03315361242871029,0.04959020043806728,0.7012504586797288
13,-0.03315361242871029,0.04959020043806728,0.7012504586797288
14,-0.03315361242871029,0.04959020043806728,0.7012504586797288
15,-0.03315361242871029,0.04959020043806728,0.7012504586797288
16,-0.03315361242871029,0.04959020043806728,0.7012504586797288
17,-0.03315361242871029,0.04959020043806728,0.7012504586797288
18,-0.03315361242871029,0.04959020043806728,0.7012504586797288
19,-0.03315361242871029,0.04959020043806728,0.7012504586797288
20,-0.03315361242871029,0.04959020043806728,0.7012504586797288
21,-0.03315361242871029,0.04959020043806728,0.7012504586797288
22,-0.03315361242871029,0.04959020043806728,0.7012504586797288
23,-0.03315361242871029,0.04959020043806728,0.7012504586797288
24,0.001018340475749356,0.041426946386488646,0.33877627216023676
25,0.001018340475749356,0.041426946386488646,0.33877627216023676
26,0.001018340475749356,0.041426946386488646,0.33877627216023676
27,0.001018340475749356,0.041426946386488646,0.33877627216023676
28,0.01281082874694918,-0.015329038600645876,0.07912430632546297
29,0.01281082874694918,-0.015329038600645876,0.07912430632546297
30,0.01281082874694918,-0.015329038600645876,0.07912430632546297
31,0.01281082874694918,-0.015329038600645876,0.07912430632546297
32,0.01281082874694918,-0.015329038600645876,0.07912430632546297
33,0.01281082874694918,-0.015329038600645876,0.07912430632546297
34,0.01281082874694918,-0.015329038600645876,0.07912430632546297
35,0.01281082874694918,-0.015329038600645876,0.07912430632546297
36,0.01281082874694918,-0.015329038600645876,0.07912430632546297
37,-0.0008549070128200456,0.017940369461515532,0.06393160804922715
38,-0.0008549070128200456,0.017940369461515532,0.06393160804922715
39,-0.0008549070128200456,0.017940369461515532,0.06393160804922715
40,-0.0008549070128200456,0.017940369461515532,0.06393160804922715
41,-0.0008549070128200456,0.017940369461515532,0.06393160804922715
42,-0.0008549070128200456,0.017940369461515532,0.06393160804922715
43,-0.0008549070128200456,0.017940369461515532,0.06393160804922715
44,-0.0008549070128200456,0.017940369461515532,0.06393160804922715
45,-0.0008549070128200456,0.017940369461515532,0.06393160804922715
46,-0.0008549070128200456,0.017940369461515532,0.06393160804922715
47,-0.0008549070128200456,0.017940369461515532,0.06393160804922715
48,-0.0008549070128200456,0.017940369461515532,0.06393160804922715
49,-0.001877904624387232,-0.008136011790239789,0.013829283849830176
50,-0.001877904624387232,-0.008136011790239789,0.013829283849830176
51,-0.001877904624387232,-0.008136011790239789,0.013829283849830176
52,-0.001877904624387232,-0.008136011790239789,0.013829283849830176
53,-0.001877904624387232,-0.008136011790239789,0.013829283849830176
54,-0.001877904624387232,-0.008136011790239789,0.013829283849830176
55,-0.001877904624387232,-0.008136011790239789,0.013829283849830176
56,-0.001877904624387232,-0.008136011790239789,0.013829283849830176
57,-0.001877904624387232,-0.008136011790239789,0.013829283849830176
58,-0.001877904624387232,-0.008136011790239789,0.013829283849830176
59,-0.001877904624387232,-0.008136011790239789,0.013829283849830176
60,-0.001877904624387232,-0.008136011790239789,0.013829283849830176
61,-0.001877904624387232,-0.008136011790239789,0.013829283849830176
62,-0.001877904624387232,-0.008136011790239789,0.013829283849830176
63,-0.001877904624387232,-0.008136011790239789,0.013829283849830176
64,-0.001877904624387232,-0.008136011790239789,0.013829283849830176
65,-0.001877904624387232,-0.008136011790239789,0.013829283849830176
66,-0.001877904624387232,-0.008136011790239789,0.013829283849830176
67,-0.001877904624387232,-0.008136011790239789,0.013829283849830176
68,-0.001877904624387232,-0.008136011790239789,0.013829283849830176
69,-0.001877904624387232,-0.008136011790239789,0.013829283849830176
70,-0.001877904624387232,-0.008136011790239789,0.013829283849830176
71,-0.001877904624387232,-0.008136011790239789,0.013829283849830176
72,-0.001877904624387232,-0.008136011790239789,0.013829283849830176
73,-0.001877904624387232,-0.008136011790239789,0.013829283849830176
74,-0.001877904624387232,-0.008136011790239789,0.013829283849830176
75,-0.001877904624387232,-0.008136011790239789,0.013829283849830176
76,-0.001877904624387232,-0.008136011790239789,0.013829283849830176
77,-0.001877904624387232,-0.008136011790239789,0.013829283849830176
78,-0.001877904624387232,-0.008136011790239789,0.013829283849830176
79,-0.001877904624387232,-0.008136011790239789,0.013829283849830176
80,-0.001877904624387232,-0.008136011790239789,0.013829283849830176
81,-0.001877904624387232,-0.008136011790239789,0.013829283849830176
82,-0.001877904624387232,-0.008136011790239789,0.013829283849830176
83,-0.001877904624387232,-0.008136011790239789,0.013829283849830176
84,-0.001877904624387232,-0.008136011790239789,0.013829283849830176
85,-0.001877904624387232,-0.008136011790239789,0.013829283849830176
86,-0.001877904624387232,-0.008136011790239789,0.013829283849830176
87,-0.001877904624387232,-0.008136011790239789,0.013829283849830176
88,-0.001877904624387232,-0.008136011790239789,0.013829283849830176
89,-0.001877904624387232,-0.008136011790239789,0.013829283849830176
90,-0.001877904624387232,-0.008136011790239789,0.013829283849830176
91,-0.001877904624387232,-0.008136011790239789,0.013829283849830176
92,-0.001877904624387232,-0.008136011790239789,0.013829283849830176
93,-0.001877904624387232,-0.008136011790239789,0.013829283849830176
94,-0.001877904624387232,-0.008136011790239789,0.013829283849830176
95,-0.001877904624387232,-0.008136011790239789,0.013829283849830176
96,-0.001877904624387232,-0.008136011790239789,0.013829283849830176
97,-0.001877904624387232,-0.008136011790239789,0.013829283849830176
98,-0.001877904624387232,-0.008136011790239789,0.013829283849830176
99,-0.001877904624387232,-0.008136011790239789,0.013829283849830176
100,-0.001877904624387232,-0.008136011790239789,0.013829283849830176
101,-0.001877904624387232,-0.008136011790239789,0.013829283849830176
102,-0.001877904624387232,-0.008136011790239789,0.013829283849830176
103,-0.001877904624387232,-0.008136011790239789,0.013829283849830176
104,-0.001877904624387232,-0.008136011790239789,0.013829283849830176
105,-0.001877904624387232,-0.008136011790239789,0.013829283849830176
106,-0.001877904624387232,-0.008136011790239789,0.013829283849830176
107,-0.001877904624387232,-0.008136011790239789,0.013829283849830176
108,-0.001877904624387232,-0.008136011790239789,0.013829283849830176
109,-0.001877904624387232,-0.008136011790239789,0.013829283849830176
110,-0.001877904624387232,-0.008136011790239789,0.013829283849830176
111,-0.001877904624387232,-0.008136011790239789,0.013829283849830176
112,-0.001877904624387232,-0.008136011790239789,0.013829283849830176
113,-0.001877904624387232,-0.008136011790239789,0.013829283849830176
114,-0.001877904624387232,-0.008136011790239789,0.013829283849830176
115,-0.001877904624387232,-0.008136011790239789,0.013829283849830176
116,-0.001877904624387232,-0.008136011790239789,0.013829283849830176
117,-0.001877904624387232,-0.008136011790239789,0.013829283849830176
118,-0.001877904624387232,-0.008136011790239789,0.013829283849830176
119,-0.001877904624387232,-0.008136011790239789,0.013829283849830176
120,-0.001877904624387232,-0.008136011790239789,0.013829283849830176
121,-0.001877904624387232,-0.008136011790239789,0.013829283849830176
122,-0.001877904624387232,-0.008136011790239789,0.013829283849830176
123,-0.001877904624387232,-0.008136011790239789,0.013829283849830176
124,-0.001877904624387232,-0.008136011790239789,0.013829283849830176
125,-0.001877904624387232,-0.008136011790239789,0.013829283849830176
126,-0.001877904624387232,-0.008136011790239789,0.013829283849830176
127,-0.001877904624387232,-0.008136011790239789,0.013829283849830176
128,-0.001877904624387232,-0.008136011790239789,0.013829283849830176
129,-0.001877904624387232,-0.008136011790239789,0.013829283849830176
130,-0.001877904624387232,-0.008136011790239789,0.013829283849830176
131,-0.001877904624387232,-0.008136011790239789,0.013829283849830176
132,-0.001877904624387232,-0.008136011790239789,0.013829283849830176
133,-0.001877904624387232,-0.008136011790239789,0.013829283849830176
134,-0.001877904624387232,-0.008136011790239789,0.013829283849830176
135,-0.001877904624387232,-0.008136011790239789,0.013829283849830176
136,-0.001877904624387232,-0.008136011790239789,0.013829283849830176
137,-0.001877904624387232,-0.008136011790239789,0.013829283849830176
138,-0.001877904624387232,-0.008136011790239789,0.013829283849830176
139,-0.001877904624387232,-0.008136011790239789,0.013829283849830176
140,-0.001877904624387232,-0.008136011790239789,0.013829283849830176
141,-0.001877904624387232,-0.008136011790239789,0.013829283849830176
142,-0.001877904624387232,-0.008136011790239789,0.013829283849830176
143,-0.001877904624387232,-0.008136011790239789,0.013829283849830176
144,-0.001877904624387232,-0.008136011790239789,0.013829283849830176
145,-0.001877904624387232,-0.008136011790239789,0.013829283849830176
146,-0.001877904624387232,-0.008136011790239789,0.013829283849830176
147,-0.001877904624387232,-0.008136011790239789,0.013829283849830176
148,-0.001877904624387232,-0.008136011790239789,0.013829283849830176
149,-0.001877904624387232,-0.008136011790239789,0.013829283849830176
150,-0.001877904624387232,-0.008136011790239789,0.013829283849830176
151,-0.001877904624387232,-0.008136011790239789,0.013829283849830176
152,-0.001877904624387232,-0.008136011790239789,0.013829283849830176
153,-0.001877904624387232,-0.008136011790239789,0.013829283849830176
154,-0.001877904624387232,-0.008136011790239789,0.013829283849830176
155,-0.001877904624387232,-0.008136011790239789,0.013829283849830176
156,-0.001877904624387232,-0.008136011790239789,0.013829283849830176
157,-0.001877904624387232,-0.008136011790239789,0.013829283849830176
158,-0.001877904624387232,-0.008136011790239789,0.013829283849830176
159,-0.001877904624387232,-0.008136011790239789,0.013829283849830176
160,-0.001877904624387232,-0.008136011790239789,0.013829283849830176
161,-0.001877904624387232,-0.008136011790239789,0.013829283849830176
162,-0.001877904624387232,-0.008136011790239789,0.013829283849830176
163,-0.001877904624387232,-0.008136011790239789,0.013829283849830176
164,-0.001877904624387232,-0.008136011790239789,0.013829283849830176
165,-0.001877904624387232,-0.008136011790239789,0.013829283849830176
166,-0.001877904624387232,-0.008136011790239789,0.013829283849830176
167,-0.001877904624387232,-0.008136011790239789,0.013829283849830176
168,-0.001877904624387232,-0.008136011790239789,0.013829283849830176
169,-0.001877904624387232,-0.008136011790239789,0.013829283849830176
170,-0.001877904624387232,-0.008136011790239789,0.013829283849830176
171,-0.001877904624387232,-0.008136011790239789,0.013829283849830176
172,-0.001877904624387232,-0.008136011790239789,0.013829283849830176
173,-0.001877904624387232,-0.008136011790239789,0.013829283849830176
174,-0.001877904624387232,-0.008136011790239789,0.013829283849830176
175,-0.001877904624387232,-0.008136011790239789,0.013829283849830176
176,-0.001877904624387232,-0.008136011790239789,0.013829283849830176
177,-0.001877904624387232,-0.008136011790239789,0.013829283849830176
178,-0.001877904624387232,-0.008136011790239789,0.013829283849830176
179,-0.001877904624387232,-0.008136011790239789,0.013829283849830176
180,-0.001877904624387232,-0.008136011790239789,0.013829283849830176
181,-0.001877904624387232,-0.008136011790239789,0.013829283849830176
182,-0.001877904624387232,-0.008136011790239789,0.013829283849830176
183,-0.001877904624387232,-0.008136011790239789,0.013829283849830176
184,-0.001877904624387232,-0.008136011790239789,0.013829283849830176
185,-0.001877904624387232,-0.008136011790239789,0.013829283849830176
186,-0.001877904624387232,-0.008136011790239789,0.013829283849830176
187,-0.001877904624387232,-0.008136011790239789,0.013829283849830176
188,-0.001877904624387232,-0.008136011790239789,0.013829283849830176
189,-0.001877904624387232,-0.008136011790239789,0.013829283849830176
190,-0.001877904624387232,-0.008136011790239789,0.013829283849830176
191,-0.001877904624387232,-0.008136011790239789,0.013829283849830176
192,-0.001877904624387232,-0.008136011790239789,0.013829283849830176
193,-0.001877904624387232,-0.008136011790239789,0.013829283849830176
194,-0.001877904624387232,-0.008136011790239789,0.013829283849830176
195,-0.001877904624387232,-0.008136011790239789,0.013829283849830176
196,-0.001877904624387232,-0.008136011790239789,0.013829283849830176
197,-0.001877904624387232,-0.008136011790239789,0.013829283849830176
198,-0.001877904624387232,-0.008136011790239789,0.013829283849830176
199,-0.001877904624387232,-0.008136011790239789,0.013829283849830176
200,-0.001877904624387232,-0.008136011790239789,0.013829283849830176
201,-0.001877904624387232,-0.008136011790239789,0.013829283849830176
202,-0.001877904624387232,-0.008136011790239789,0.013829283849830176
203,-0.001877904624387232,-0.008136011790239789,0.013829283849830176
204,-0.001877904624387232,-0.008136011790239789,0.013829283849830176
205,-0.001877904624387232,-0.008136011790239789,0.013829283849830176
206,-0.001877904624387232,-0.008136011790239789,0.013829283849830176
207,-0.001877904624387232,-0.008136011790239789,0.013829283849830176
208,-0.001877904624387232,-0.008136011790239789,0.013829283849830176
209,-0.001877904624387232,-0.008136011790239789,0.013829283849830176
210,-0.001877904624387232,-0.008136011790239789,0.013829283849830176
211,-0.001877904624387232,-0.008136011790239789,0.013829283849830176
212,-0.001877904624387232,-0.008136011790239789,0.013829283849830176
213,-0.001877904624387232,-0.008136011790239789,0.013829283849830176
214,-0.001877904624387232,-0.008136011790239789,0.013829283849830176
215,-0.001877904624387232,-0.008136011790239789,0.013829283849830176
216,-0.001877904624387232,-0.008136011790239789,0.013829283849830176
217,-0.001877904624387232,-0.008136011790239789,0.013829283849830176
218,-0.001877904624387232,-0.008136011790239789,0.013829283849830176
219,-0.001877904624387232,-0.008136011790239789,0.013829283849830176
220,-0.001877904624387232,-0.008136011790239789,0.013829283849830176
221,-0.001877904624387232,-0.008136011790239789,0.013829283849830176
222,-0.001877904624387232,-0.008136011790239789,0.013829283849830176
223,-0.001877904624387232,-0.008136011790239789,0.013829283849830176
224,-0.001877904624387232,-0.008136011790239789,0.013829283849830176
225,-0.001877904624387232,-0.008136011790239789,0.013829283849830176
226,-0.001877904624387232,-0.008136011790239789,0.013829283849830176
227,-0.001877904624387232,-0.008136011790239789,0.013829283849830176
228,-0.001877904624387232,-0.008136011790239789,0.013829283849830176
229,-0.001877904624387232,-0.008136011790239789,0.013829283849830176
230,-0.001877904624387232,-0.008136011790239789,0.013829283849830176
231,-0.001877904624387232,-0.008136011790239789,0.013829283849830176
232,-0.001877904624387232,-0.008136011790239789,0.013829283849830176
233,-0.001877904624387232,-0.008136011790239789,0.013829283849830176
234,-0.001877904624387232,-0.008136011790239789,0.013829283849830176
235,-0.001877904624387232,-0.008136011790239789,0.013829283849830176
236,-0.001877904624387232,-0.008136011790239789,0.013829283849830176
237,-0.001877904624387232,-0.008136011790239789,0.013829283849830176
238,-0.001877904624387232,-0.008136011790239789,0.013829283849830176
239,-0.001877904624387232,-0.008136011790239789,0.013829283849830176
240,-0.001877904624387232,-0.008136011790239789,0.013829283849830176
241,-0.001877904624387232,-0.008136011790239789,0.013829283849830176
242,-0.001877904624387232,-0.008136011790239789,0.013829283849830176
243,-0.001877904624387232,-0.008136011790239789,0.013829283849830176
244,-0.001877904624387232,-0.008136011790239789,0.013829283849830176
245,-0.001877904624387232,-0.008136011790239789,0.013829283849830176
246,-0.001877904624387232,-0.008136011790239789,0.013829283849830176
247,-0.001877904624387232,-0.008136011790239789,0.013829283849830176
248,-0.001877904624387232,-0.008136011790239789,0.013829283849830176
249,-0.001877904624387232,-0.008136011790239789,0.013829283849830176
250,-0.001877904624387232,-0.008136011790239789,0.013829283849830176
251,-0.001877904624387232,-0.008136011790239789,0.013829283849830176
252,-0.001877904624387232,-0.008136011790239789,0.013829283849830176
253,-0.001877904624387232,-0.008136011790239789,0.013829283849830176
254,-0.001877904624387232,-0.008136011790239789,0.013829283849830176
255,-0.001877904624387232,-0.008136011790239789,0.013829283849830176
256,-0.001877904624387232,-0.008136011790239789,0.013829283849830176
257,-0.001877904624387232,-0.008136011790239789,0.013829283849830176
258,-0.001877904624387232,-0.008136011790239789,0.013829283849830176
259,-0.001877904624387232,-0.008136011790239789,0.013829283849830176
260,-0.001877904624387232,-0.008136011790239789,0.013829283849830176
261,-0.001877904624387232,-0.008136011790239789,0.013829283849830176
262,-0.001877904624387232,-0.008136011790239789,0.013829283849830176
263,-0.001877904624387232,-0.008136011790239789,0.013829283849830176
264,-0.001877904624387232,-0.008136011790239789,0.013829283849830176
265,-0.001877904624387232,-0.008136011790239789,0.013829283849830176
266,-0.001877904624387232,-0.008136011790239789,0.013829283849830176
267,-0.001877904624387232,-0.008136011790239789,0.013829283849830176
268,-0.001877904624387232,-0.008136011790239789,0.013829283849830176
269,-0.001877904624387232,-0.008136011790239789,0.013829283849830176
270,-0.001877904624387232,-0.008136011790239789,0.013829283849830176
271,-0.001877904624387232,-0.008136011790239789,0.013829283849830176
272,-0.001877904624387232,-0.008136011790239789,0.013829283849830176
273,-0.001877904624387232,-0.008136011790239789,0.013829283849830176
274,-0.001877904624387232,-0.008136011790239789,0.013829283849830176
275,-0.001877904624387232,-0.008136011790239789,0.013829283849830176
276,-0.001877904624387232,-0.008136011790239789,0.013829283849830176
277,-0.001877904624387232,-0.008136011790239789,0.013829283849830176
278,-0.001877904624387232,-0.008136011790239789,0.013829283849830176
279,-0.001877904624387232,-0.008136011790239789,0.013829283849830176
280,-0.001877904624387232,-0.008136011790239789,0.013829283849830176
281,-0.001877904624387232,-0.008136011790239789,0.013829283849830176
282,-0.001877904624387232,-0.008136011790239789,0.013829283849830176
283,-0.001877904624387232,-0.008136011790239789,0.013829283849830176
284,-0.001877904624387232,-0.008136011790239789,0.013829283849830176
285,-0.001877904624387232,-0.008136011790239789,0.013829283849830176
286,-0.001877904624387232,-0.008136011790239789,0.013829283849830176
287,-0.001877904624387232,-0.008136011790239789,0.013829283849830176
288,-0.001877904624387232,-0.008136011790239789,0.013829283849830176
289,-0.001877904624387232,-0.008136011790239789,0.013829283849830176
290,-0.001877904624387232,-0.008136011790239789,0.013829283849830176
291,-0.001877904624387232,-0.008136011790239789,0.013829283849830176
292,-0.001877904624387232,-0.008136011790239789,0.013829283849830176
293,-0.001877904624387232,-0.008136011790239789,0.013829283849830176
294,-0.001877904624387232,-0.008136011790239789,0.013829283849830176
295,-0.001877904624387232,-0.008136011790239789,0.013829283849830176
296,-0.001877904624387232,-0.008136011790239789,0.013829283849830176
297,-0.001877904624387232,-0.008136011790239789,0.013829283849830176
298,-0.001877904624387232,-0.008136011790239789,0.013829283849830176
299,-0.001877904624387232,-0.008136011790239789,0.013829283849830176
300,-0.001877904624387232,-0.008136011790239789,0.013829283849830176
301,-0.001877904624387232,-0.008136011790239789,0.013829283849830176
302,-0.001877904624387232,-0.008136011790239789,0.013829283849830176
303,-0.001877904624387232,-0.008136011790239789,0.013829283849830176
304,-0.001877904624387232,-0.008136011790239789,0.013829283849830176
305,-0.001877904624387232,-0.008136011790239789,0.013829283849830176
306,-0.001877904624387232,-0.008136011790239789,0.013829283849830176
307,-0.001877904624387232,-0.008136011790239789,0.013829283849830176
308,-0.001877904624387232,-0.008136011790239789,0.013829283849830176
309,-0.001877904624387232,-0.008136011790239789,0.013829283849830176
310,-0.001877904624387232,-0.008136011790239789,0.013829283849830176
311,-0.001877904624387232,-0.008136011790239789,0.013829283849830176
312,-0.001877904624387232,-0.008136011790239789,0.013829283849830176
313,-0.001877904624387232,-0.008136011790239789,0.013829283849830176
314,-0.001877904624387232,-0.008136011790239789,0.013829283849830176
315,-0.001877904624387232,-0.008136011790239789,0.013829283849830176
316,-0.001877904624387232,-0.008136011790239789,0.013829283849830176
317,-0.001877904624387232,-0.008136011790239789,0.013829283849830176
318,-0.001877904624387232,-0.008136011790239789,0.013829283849830176
319,-0.001877904624387232,-0.008136011790239789,0.013829283849830176
320,-0.001877904624387232,-0.008136011790239789,0.013829283849830176
321,-0.001877904624387232,-0.008136011790239789,0.013829283849830176
322,-0.001877904624387232,-0.008136011790239789,0.013829283849830176
323,-0.001877904624387232,-0.008136011790239789,0.013829283849830176
324,-0.001877904624387232,-0.008136011790239789,0.013829283849830176
325,-0.001877904624387232,-0.008136011790239789,0.013829283849830176
326,-0.001877904624387232,-0.008136011790239789,0.013829283849830176
327,-0.001877904624387232,-0.008136011790239789,0.013829283849830176
328,-0.001877904624387232,-0.008136011790239789,0.013829283849830176
329,-0.001877904624387232,-0.008136011790239789,0.013829283849830176
330,-0.001877904624387232,-0.008136011790239789,0.013829283849830176
331,-0.001877904624387232,-0.008136011790239789,0.013829283849830176
332,-0.001877904624387232,-0.008136011790239789,0.013829283849830176
333,-0.001877904624387232,-0.008136011790239789,0.013829283849830176
334,-0.001877904624387232,-0.008136011790239789,0.013829283849830176
335,-0.001877904624387232,-0.008136011790239789,0.013829283849830176
336,-0.001877904624387232,-0.008136011790239789,0.013829283849830176
337,-0.001877904624387232,-0.008136011790239789,0.013829283849830176
338,-0.001877904624387232,-0.008136011790239789,0.013829283849830176
339,-0.001877904624387232,-0.008136011790239789,0.013829283849830176
340,-0.001877904624387232,-0.008136011790239789,0.013829283849830176
341,-0.001877904624387232,-0.008136011790239789,0.013829283849830176
342,-0.001877904624387232,-0.008136011790239789,0.013829283849830176
343,-0.001877904624387232,-0.008136011790239789,0.013829283849830176
344,-0.001877904624387232,-0.008136011790239789,0.013829283849830176
345,-0.001877904624387232,-0.008136011790239789,0.013829283849830176
346,-0.001877904624387232,-0.008136011790239789,0.013829283849830176
347,-0.001877904624387232,-0.008136011790239789,0.013829283849830176
348,-0.001877904624387232,-0.008136011790239789,0.013829283849830176
349,-0.001877904624387232,-0.008136011790239789,0.013829283849830176
350,-0.001877904624387232,-0.008136011790239789,0.013829283849830176
351,-0.001877904624387232,-0.008136011790239789,0.013829283849830176
352,-0.001877904624387232,-0.008136011790239789,0.013829283849830176
353,-0.001877904624387232,-0.008136011790239789,0.013829283849830176
354,-0.001877904624387232,-0.008136011790239789,0.013829283849830176
355,-0.001877904624387232,-0.008136011790239789,0.013829283849830176
356,-0.001877904624387232,-0.008136011790239789,0.013829283849830176
357,-0.001877904624387232,-0.008136011790239789,0.013829283849830176
358,-0.001877904624387232,-0.008136011790239789,0.013829283849830176
359,-0.001877904624387232,-0.008136011790239789,0.013829283849830176
360,-0.001877904624387232,-0.008136011790239789,0.013829283849830176
361,-0.001877904624387232,-0.008136011790239789,0.013829283849830176
362,-0.001877904624387232,-0.008136011790239789,0.013829283849830176
363,-0.001877904624387232,-0.008136011790239789,0.013829283849830176
364,-0.001877904624387232,-0.008136011790239789,0.013829283849830176
365,-0.001877904624387232,-0.008136011790239789,0.013829283849830176
366,-0.001877904624387232,-0.008136011790239789,0.013829283849830176
367,-0.001877904624387232,-0.008136011790239789,0.013829283849830176
368,-0.001877904624387232,-0.008136011790239789,0.013829283849830176
369,-0.001877904624387232,-0.008136011790239789,0.013829283849830176
370,-0.001877904624387232,-0.008136011790239789,0.013829283849830176
371,-0.001877904624387232,-0.008136011790239789,0.013829283849830176
372,-0.001877904624387232,-0.008136011790239789,0.013829283849830176
373,-0.001877904624387232,-0.008136011790239789,0.013829283849830176
374,-0.001877904624387232,-0.008136011790239789,0.013829283849830176
375,-0.001877904624387232,-0.008136011790239789,0.013829283849830176
376,-0.001877904624387232,-0.008136011790239789,0.013829283849830176
377,-0.001877904624387232,-0.008136011790239789,0.013829283849830176
378,-0.001877904624387232,-0.008136011790239789,0.013829283849830176
379,-0.001877904624387232,-0.008136011790239789,0.013829283849830176
380,-0.001877904624387232,-0.008136011790239789,0.013829283849830176
381,-0.001877904624387232,-0.008136011790239789,0.013829283849830176
382,-0.001877904624387232,-0.008136011790239789,0.013829283849830176
383,-0.001877904624387232,-0.008136011790239789,0.013829283849830176
384,-0.001877904624387232,-0.008136011790239789,0.013829283849830176
385,-0.001877904624387232,-0.008136011790239789,0.013829283849830176
386,-0.001877904624387232,-0.008136011790239789,0.013829283849830176
387,-0.001877904624387232,-0.008136011790239789,0.013829283849830176
388,-0.001877904624387232,-0.008136011790239789,0.013829283849830176
389,-0.001877904624387232,-0.008136011790239789,0.013829283849830176
390,-0.001877904624387232,-0.008136011790239789,0.013829283849830176
391,-0.001877904624387232,-0.008136011790239789,0.013829283849830176
392,-0.001877904624387232,-0.008136011790239789,0.013829283849830176
393,-0.001877904624387232,-0.008136011790239789,0.013829283849830176
394,-0.001877904624387232,-0.008136011790239789,0.013829283849830176
395,-0.001877904624387232,-0.008136011790239789,0.013829283849830176
396,-0.001877904624387232,-0.008136011790239789,0.013829283849830176
397,-0.001877904624387232,-0.008136011790239789,0.013829283849830176
398,-0.001877904624387232,-0.008136011790239789,0.013829283849830176
399,-0.001877904624387232,-0.008136011790239789,0.013829283849830176
400,-0.001877904624387232,-0.008136011790239789,0.013829283849830176
401,-0.001877904624387232,-0.008136011790239789,0.013829283849830176
402,-0.001877904624387232,-0.008136011790239789,0.013829283849830176
403,-0.001877904624387232,-0.008136011790239789,0.013829283849830176
404,-0.001877904624387232,-0.008136011790239789,0.013829283849830176
405,-0.001877904624387232,-0.008136011790239789,0.013829283849830176
406,-0.001877904624387232,-0.008136011790239789,0.013829283849830176
407,-0.001877904624387232,-0.008136011790239789,0.013829283849830176
408,-0.001877904624387232,-0.008136011790239789,0.013829283849830176
409,-0.001877904624387232,-0.008136011790239789,0.013829283849830176
410,-0.001877904624387232,-0.008136011790239789,0.013829283849830176
411,-0.001877904624387232,-0.008136011790239789,0.013829283849830176
412,-0.001877904624387232,-0.008136011790239789,0.013829283849830176
413,-0.001877904624387232,-0.008136011790239789,0.013829283849830176
414,-0.001877904624387232,-0.008136011790239789,0.013829283849830176
415,-0.001877904624387232,-0.008136011790239789,0.013829283849830176
416,-0.001877904624387232,-0.008136011790239789,0.013829283849830176
417,-0.001877904624387232,-0.008136011790239789,0.013829283849830176
418,-0.001877904624387232,-0.008136011790239789,0.013829283849830176
419,-0.001877904624387232,-0.008136011790239789,0.013829283849830176
420,-0.001877904624387232,-0.008136011790239789,0.013829283849830176
421,-0.001877904624387232,-0.008136011790239789,0.013829283849830176
422,-0.001877904624387232,-0.008136011790239789,0.013829283849830176
423,-0.001877904624387232,-0.008136011790239789,0.013829283849830176
424,-0.001877904624387232,-0.008136011790239789,0.013829283849830176
425,-0.001877904624387232,-0.008136011790239789,0.013829283849830176
426,-0.001877904624387232,-0.008136011790239789,0.013829283849830176
427,-0.001877904624387232,-0.008136011790239789,0.013829283849830176
428,-0.001877904624387232,-0.008136011790239789,0.013829283849830176
429,-0.001877904624387232,-0.008136011790239789,0.013829283849830176
430,-0.001877904624387232,-0.008136011790239789,0.013829283849830176
431,-0.001877904624387232,-0.008136011790239789,0.013829283849830176
432,-0.001877904624387232,-0.008136011790239789,0.013829283849830176
433,-0.001877904624387232,-0.008136011790239789,0.013829283849830176
434,-0.001877904624387232,-0.008136011790239789,0.013829283849830176
435,-0.001877904624387232,-0.008136011790239789,0.013829283849830176
436,-0.001877904624387232,-0.008136011790239789,0.013829283849830176
437,-0.001877904624387232,-0.008136011790239789,0.013829283849830176
438,-0.001877904624387232,-0.008136011790239789,0.013829283849830176
439,-0.001877904624387232,-0.008136011790239789,0.013829283849830176
440,-0.001877904624387232,-0.008136011790239789,0.013829283849830176
441,-0.001877904624387232,-0.008136011790239789,0.013829283849830176
442,-0.001877904624387232,-0.008136011790239789,0.013829283849830176
443,-0.001877904624387232,-0.008136011790239789,0.013829283849830176
444,-0.001877904624387232,-0.008136011790239789,0.013829283849830176
445,-0.001877904624387232,-0.008136011790239789,0.013829283849830176
446,-0.001877904624387232,-0.008136011790239789,0.013829283849830176
447,-0.001877904624387232,-0.008136011790239789,0.013829283849830176
448,-0.001877904624387232,-0.008136011790239789,0.013829283849830176
449,-0.001877904624387232,-0.008136011790239789,0.013829283849830176
450,-0.001877904624387232,-0.008136011790239789,0.013829283849830176
451,-0.001877904624387232,-0.008136011790239789,0.013829283849830176
452,-0.001877904624387232,-0.008136011790239789,0.013829283849830176
453,-0.001877904624387232,-0.008136011790239789,0.013829283849830176
454,-0.001877904624387232,-0.008136011790239789,0.013829283849830176
455,-0.001877904624387232,-0.008136011790239789,0.013829283849830176
456,-0.001877904624387232,-0.008136011790239789,0.013829283849830176
457,-0.001877904624387232,-0.008136011790239789,0.013829283849830176
458,-0.001877904624387232,-0.008136011790239789,0.013829283849830176
459,-0.001877904624387232,-0.008136011790239789,0.013829283849830176
460,-0.001877904624387232,-0.008136011790239789,0.013829283849830176
461,-0.001877904624387232,-0.008136011790239789,0.013829283849830176
462,-0.001877904624387232,-0.008136011790239789,0.013829283849830176
463,-0.001877904624387232,-0.008136011790239789,0.013829283849830176
464,-0.001877904624387232,-0.008136011790239789,0.013829283849830176
465,-0.001877904624387232,-0.008136011790239789,0.013829283849830176
466,-0.001877904624387232,-0.008136011790239789,0.013829283849830176
467,-0.001877904624387232,-0.008136011790239789,0.013829283849830176
468,-0.001877904624387232,-0.008136011790239789,0.013829283849830176
469,-0.001877904624387232,-0.008136011790239789,0.013829283849830176
470,-0.001877904624387232,-0.008136011790239789,0.013829283849830176
471,-0.001877904624387232,-0.008136011790239789,0.013829283849830176
472,-0.001877904624387232,-0.008136011790239789,0.013829283849830176
473,-0.001877904624387232,-0.008136011790239789,0.013829283849830176
474,-0.001877904624387232,-0.008136011790239789,0.013829283849830176
475,-0.001877904624387232,-0.008136011790239789,0.013829283849830176
476,-0.001877904624387232,-0.008136011790239789,0.013829283849830176
477,-0.001877904624387232,-0.008136011790239789,0.013829283849830176
478,-0.001877904624387232,-0.008136011790239789,0.013829283849830176
479,-0.001877904624387232,-0.008136011790239789,0.013829283849830176
480,-0.001877904624387232,-0.008136011790239789,0.013829283849830176
481,-0.001877904624387232,-0.008136011790239789,0.013829283849830176
482,-0.001877904624387232,-0.008136011790239789,0.013829283849830176
483,-0.001877904624387232,-0.008136011790239789,0.013829283849830176
484,-0.001877904624387232,-0.008136011790239789,0.013829283849830176
485,-0.001877904624387232,-0.008136011790239789,0.013829283849830176
486,-0.001877904624387232,-0.008136011790239789,0.013829283849830176
487,-0.001877904624387232,-0.008136011790239789,0.013829283849830176
488,-0.001877904624387232,-0.008136011790239789,0.013829283849830176
489,-0.001877904624387232,-0.008136011790239789,0.013829283849830176
490,-0.001877904624387232,-0.008136011790239789,0.013829283849830176
491,-0.001877904624387232,-0.008136011790239789,0.013829283849830176
492,-0.001877904624387232,-0.008136011790239789,0.013829283849830176
493,-0.001877904624387232,-0.008136011790239789,0.013829283849830176
494,-0.001877904624387232,-0.008136011790239789,0.013829283849830176
495,-0.001877904624387232,-0.008136011790239789,0.013829283849830176
496,-0.001877904624387232,-0.008136011790239789,0.013829283849830176
497,-0.001877904624387232,-0.008136011790239789,0.013829283849830176
498,-0.001877904624387232,-0.008136011790239789,0.013829283849830176
499,-0.001877904624387232,-0.008136011790239789,0.013829283849830176
500,-0.001877904624387232,-0.008136011790239789,0.013829283849830176
501,-0.001877904624387232,-0.008136011790239789,0.013829283849830176
502,-0.001877904624387232,-0.008136011790239789,0.013829283849830176
503,-0.001877904624387232,-0.008136011790239789,0.013829283849830176
504,-0.001877904624387232,-0.008136011790239789,0.013829283849830176
505,-0.001877904624387232,-0.008136011790239789,0.013829283849830176
506,-0.001877904624387232,-0.008136011790239789,0.013829283849830176
507,-0.001877904624387232,-0.008136011790239789,0.013829283849830176
508,-0.001877904624387232,-0.008136011790239789,0.013829283849830176
509,-0.001877904624387232,-0.008136011790239789,0.013829283849830176
510,-0.001877904624387232,-0.008136011790239789,0.013829283849830176
511,-0.001877904624387232,-0.008136011790239789,0.013829283849830176
512,-0.001877904624387232,-0.008136011790239789,0.013829283849830176
513,-0.001877904624387232,-0.008136011790239789,0.013829283849830176
514,-0.001877904624387232,-0.008136011790239789,0.013829283849830176
515,-0.001877904624387232,-0.008136011790239789,0.013829283849830176
516,-0.001877904624387232,-0.008136011790239789,0.013829283849830176
517,-0.001877904624387232,-0.008136011790239789,0.013829283849830176
518,-0.001877904624387232,-0.008136011790239789,0.013829283849830176
519,-0.001877904624387232,-0.008136011790239789,0.013829283849830176
520,-0.001877904624387232,-0.008136011790239789,0.013829283849830176
521,-0.001877904624387232,-0.008136011790239789,0.013829283849830176
522,-0.001877904624387232,-0.008136011790239789,0.013829283849830176
523,-0.001877904624387232,-0.008136011790239789,0.013829283849830176
524,-0.001877904624387232,-0.008136011790239789,0.013829283849830176
525,-0.001877904624387232,-0.008136011790239789,0.013829283849830176
526,-0.001877904624387232,-0.008136011790239789,0.013829283849830176
527,-0.001877904624387232,-0.008136011790239789,0.013829283849830176
528,-0.001877904624387232,-0.008136011790239789,0.013829283849830176
529,-0.001877904624387232,-0.008136011790239789,0.013829283849830176
530,-0.001877904624387232,-0.008136011790239789,0.013829283849830176
531,-0.001877904624387232,-0.008136011790239789,0.013829283849830176
532,-0.001877904624387232,-0.008136011790239789,0.013829283849830176
533,-0.001877904624387232,-0.008136011790239789,0.013829283849830176
534,-0.001877904624387232,-0.008136011790239789,0.013829283849830176
535,-0.001877904624387232,-0.008136011790239789,0.013829283849830176
536,-0.001877904624387232,-0.008136011790239789,0.013829283849830176
537,-0.001877904624387232,-0.008136011790239789,0.013829283849830176
538,-0.001877904624387232,-0.008136011790239789,0.013829283849830176
539,-0.001877904624387232,-0.008136011790239789,0.013829283849830176
540,-0.001877904624387232,-0.008136011790239789,0.013829283849830176
541,-0.001877904624387232,-0.008136011790239789,0.013829283849830176
542,-0.001877904624387232,-0.008136011790239789,0.013829283849830176
543,-0.001877904624387232,-0.008136011790239789,0.013829283849830176
544,-0.001877904624387232,-0.008136011790239789,0.013829283849830176
545,-0.001877904624387232,-0.008136011790239789,0.013829283849830176
546,-0.001877904624387232,-0.008136011790239789,0.013829283849830176
547,-0.001877904624387232,-0.008136011790239789,0.013829283849830176
548,-0.001877904624387232,-0.008136011790239789,0.013829283849830176
549,-0.001877904624387232,-0.008136011790239789,0.013829283849830176
550,-0.001877904624387232,-0.008136011790239789,0.013829283849830176
551,-0.001877904624387232,-0.008136011790239789,0.013829283849830176
552,-0.001877904624387232,-0.008136011790239789,0.013829283849830176
553,-0.001877904624387232,-0.008136011790239789,0.013829283849830176
554,-0.001877904624387232,-0.008136011790239789,0.013829283849830176
555,-0.001877904624387232,-0.008136011790239789,0.013829283849830176
556,-0.001877904624387232,-0.008136011790239789,0.013829283849830176
557,-0.001877904624387232,-0.008136011790239789,0.013829283849830176
558,-0.001877904624387232,-0.008136011790239789,0.013829283849830176
559,-0.001877904624387232,-0.008136011790239789,0.013829283849830176
560,-0.001877904624387232,-0.008136011790239789,0.013829283849830176
561,-0.001877904624387232,-0.008136011790239789,0.013829283849830176
562,-0.001877904624387232,-0.008136011790239789,0.013829283849830176
563,-0.001877904624387232,-0.008136011790239789,0.013829283849830176
564,-0.001877904624387232,-0.008136011790239789,0.013829283849830176
565,-0.001877904624387232,-0.008136011790239789,0.013829283849830176
566,-0.001877904624387232,-0.008136011790239789,0.013829283849830176
567,-0.001877904624387232,-0.008136011790239789,0.013829283849830176
568,-0.001877904624387232,-0.008136011790239789,0.013829283849830176
569,-0.001877904624387232,-0.008136011790239789,0.013829283849830176
570,-0.001877904624387232,-0.008136011790239789,0.013829283849830176
571,-0.001877904624387232,-0.008136011790239789,0.013829283849830176
572,-0.001877904624387232,-0.008136011790239789,0.013829283849830176
573,-0.001877904624387232,-0.008136011790239789,0.013829283849830176
574,-0.001877904624387232,-0.008136011790239789,0.013829283849830176
575,-0.001877904624387232,-0.008136011790239789,0.013829283849830176
576,-0.001877904624387232,-0.008136011790239789,0.013829283849830176
577,-0.001877904624387232,-0.008136011790239789,0.013829283849830176
578,-0.001877904624387232,-0.008136011790239789,0.013829283849830176
579,-0.001877904624387232,-0.008136011790239789,0.013829283849830176
580,-0.001877904624387232,-0.008136011790239789,0.013829283849830176
581,-0.001877904624387232,-0.008136011790239789,0.013829283849830176
582,-0.001877904624387232,-0.008136011790239789,0.013829283849830176
583,-0.001877904624387232,-0.008136011790239789,0.013829283849830176
584,-0.001877904624387232,-0.008136011790239789,0.013829283849830176
585,-0.001877904624387232,-0.008136011790239789,0.013829283849830176
586,-0.001877904624387232,-0.008136011790239789,0.013829283849830176
587,-0.001877904624387232,-0.008136011790239789,0.013829283849830176
588,-0.001877904624387232,-0.008136011790239789,0.013829283849830176
589,-0.001877904624387232,-0.008136011790239789,0.013829283849830176
590,-0.001877904624387232,-0.008136011790239789,0.013829283849830176
591,-0.001877904624387232,-0.008136011790239789,0.013829283849830176
592,-0.001877904624387232,-0.008136011790239789,0.013829283849830176
593,-0.001877904624387232,-0.008136011790239789,0.013829283849830176
594,-0.001877904624387232,-0.008136011790239789,0.013829283849830176
595,-0.001877904624387232,-0.008136011790239789,0.013829283849830176
596,-0.001877904624387232,-0.008136011790239789,0.013829283849830176
597,-0.001877904624387232,-0.008136011790239789,0.013829283849830176
598,-0.001877904624387232,-0.008136011790239789,0.013829283849830176
599,-0.001877904624387232,-0.008136011790239789,0.013829283849830176
600,-0.001877904624387232,-0.008136011790239789,0.013829283849830176
601,-0.001877904624387232,-0.008136011790239789,0.013829283849830176
602,-0.001877904624387232,-0.008136011790239789,0.013829283849830176
603,-0.001877904624387232,-0.008136011790239789,0.013829283849830176
604,-0.001877904624387232,-0.008136011790239789,0.013829283849830176
605,-0.001877904624387232,-0.008136011790239789,0.013829283849830176
606,-0.001877904624387232,-0.008136011790239789,0.013829283849830176
607,-0.001877904624387232,-0.008136011790239789,0.013829283849830176
608,-0.001877904624387232,-0.008136011790239789,0.013829283849830176
609,-0.001877904624387232,-0.008136011790239789,0.013829283849830176
610,-0.001877904624387232,-0.008136011790239789,0.013829283849830176
611,-0.001877904624387232,-0.008136011790239789,0.013829283849830176
612,-0.001877904624387232,-0.008136011790239789,0.013829283849830176
613,-0.001877904624387232,-0.008136011790239789,0.013829283849830176
614,-0.001877904624387232,-0.008136011790239789,0.013829283849830176
615,-0.001877904624387232,-0.008136011790239789,0.013829283849830176
616,-0.001877904624387232,-0.008136011790239789,0.013829283849830176
617,-0.001877904624387232,-0.008136011790239789,0.013829283849830176
618,-0.001877904624387232,-0.008136011790239789,0.013829283849830176
619,-0.001877904624387232,-0.008136011790239789,0.013829283849830176
620,-0.001877904624387232,-0.008136011790239789,0.013829283849830176
621,-0.001877904624387232,-0.008136011790239789,0.013829283849830176
622,-0.001877904624387232,-0.008136011790239789,0.013829283849830176
623,-0.001877904624387232,-0.008136011790239789,0.013829283849830176
624,-0.001877904624387232,-0.008136011790239789,0.013829283849830176
625,-0.001877904624387232,-0.008136011790239789,0.013829283849830176
626,-0.001877904624387232,-0.008136011790239789,0.013829283849830176
627,-0.001877904624387232,-0.008136011790239789,0.013829283849830176
628,-0.001877904624387232,-0.008136011790239789,0.013829283849830176
629,-0.001877904624387232,-0.008136011790239789,0.013829283849830176
630,-0.001877904624387232,-0.008136011790239789,0.013829283849830176
631,-0.001877904624387232,-0.008136011790239789,0.013829283849830176
632,-0.001877904624387232,-0.008136011790239789,0.013829283849830176
633,-0.001877904624387232,-0.008136011790239789,0.013829283849830176
634,-0.001877904624387232,-0.008136011790239789,0.013829283849830176
635,-0.001877904624387232,-0.008136011790239789,0.013829283849830176
636,-0.001877904624387232,-0.008136011790239789,0.013829283849830176
637,-0.001877904624387232,-0.008136011790239789,0.013829283849830176
638,-0.001877904624387232,-0.008136011790239789,0.013829283849830176
639,-0.001877904624387232,-0.008136011790239789,0.013829283849830176
640,-0.001877904624387232,-0.008136011790239789,0.013829283849830176
641,-0.001877904624387232,-0.008136011790239789,0.013829283849830176
642,-0.001877904624387232,-0.008136011790239789,0.013829283849830176
643,-0.001877904624387232,-0.008136011790239789,0.013829283849830176
644,-0.001877904624387232,-0.008136011790239789,0.013829283849830176
645,-0.001877904624387232,-0.008136011790239789,0.013829283849830176
646,-0.001877904624387232,-0.008136011790239789,0.013829283849830176
647,-0.001877904624387232,-0.008136011790239789,0.013829283849830176
648,-0.001877904624387232,-0.008136011790239789,0.013829283849830176
649,-0.001877904624387232,-0.008136011790239789,0.013829283849830176
650,-0.001877904624387232,-0.008136011790239789,0.013829283849830176
651,-0.001877904624387232,-0.008136011790239789,0.013829283849830176
652,-0.001877904624387232,-0.008136011790239789,0.013829283849830176
653,-0.001877904624387232,-0.008136011790239789,0.013829283849830176
654,-0.001877904624387232,-0.008136011790239789,0.013829283849830176
655,-0.001877904624387232,-0.008136011790239789,0.013829283849830176
656,-0.001877904624387232,-0.008136011790239789,0.013829283849830176
657,-0.001877904624387232,-0.008136011790239789,0.013829283849830176
658,-0.001877904624387232,-0.008136011790239789,0.013829283849830176
659,-0.001877904624387232,-0.008136011790239789,0.013829283849830176
660,-0.001877904624387232,-0.008136011790239789,0.013829283849830176
661,-0.001877904624387232,-0.008136011790239789,0.013829283849830176
662,-0.001877904624387232,-0.008136011790239789,0.013829283849830176
663,-0.001877904624387232,-0.008136011790239789,0.013829283849830176
664,-0.001877904624387232,-0.008136011790239789,0.013829283849830176
665,-0.001877904624387232,-0.008136011790239789,0.013829283849830176
666,-0.001877904624387232,-0.008136011790239789,0.013829283849830176
667,-0.001877904624387232,-0.008136011790239789,0.013829283849830176
668,-0.001877904624387232,-0.008136011790239789,0.013829283849830176
669,-0.001877904624387232,-0.008136011790239789,0.013829283849830176
670,-0.001877904624387232,-0.008136011790239789,0.013829283849830176
671,-0.001877904624387232,-0.008136011790239789,0.013829283849830176
672,-0.001877904624387232,-0.008136011790239789,0.013829283849830176
673,-0.001877904624387232,-0.008136011790239789,0.013829283849830176
674,-0.001877904624387232,-0.008136011790239789,0.013829283849830176
675,-0.001877904624387232,-0.008136011790239789,0.013829283849830176
676,-0.001877904624387232,-0.008136011790239789,0.013829283849830176
677,-0.001877904624387232,-0.008136011790239789,0.013829283849830176
678,-0.001877904624387232,-0.008136011790239789,0.013829283849830176
679,-0.001877904624387232,-0.008136011790239789,0.013829283849830176
680,-0.001877904624387232,-0.008136011790239789,0.013829283849830176
681,-0.001877904624387232,-0.008136011790239789,0.013829283849830176
682,-0.001877904624387232,-0.008136011790239789,0.013829283849830176
683,-0.001877904624387232,-0.008136011790239789,0.013829283849830176
684,-0.001877904624387232,-0.008136011790239789,0.013829283849830176
685,-0.001877904624387232,-0.008136011790239789,0.013829283849830176
686,-0.001877904624387232,-0.008136011790239789,0.013829283849830176
687,-0.001877904624387232,-0.008136011790239789,0.013829283849830176
688,-0.001877904624387232,-0.008136011790239789,0.013829283849830176
689,-0.001877904624387232,-0.008136011790239789,0.013829283849830176
690,-0.001877904624387232,-0.008136011790239789,0.013829283849830176
691,-0.001877904624387232,-0.008136011790239789,0.013829283849830176
692,-0.001877904624387232,-0.008136011790239789,0.013829283849830176
693,-0.001877904624387232,-0.008136011790239789,0.013829283849830176
694,-0.001877904624387232,-0.008136011790239789,0.013829283849830176
695,-0.001877904624387232,-0.008136011790239789,0.013829283849830176
696,-0.001877904624387232,-0.008136011790239789,0.013829283849830176
697,-0.001877904624387232,-0.008136011790239789,0.013829283849830176
698,-0.001877904624387232,-0.008136011790239789,0.013829283849830176
699,-0.001877904624387232,-0.008136011790239789,0.013829283849830176
700,-0.001877904624387232,-0.008136011790239789,0.013829283849830176
701,-0.001877904624387232,-0.008136011790239789,0.013829283849830176
702,-0.001877904624387232,-0.008136011790239789,0.013829283849830176
703,-0.001877904624387232,-0.008136011790239789,0.013829283849830176
704,-0.001877904624387232,-0.008136011790239789,0.013829283849830176
705,-0.001877904624387232,-0.008136011790239789,0.013829283849830176
706,-0.001877904624387232,-0.008136011790239789,0.013829283849830176
707,-0.001877904624387232,-0.008136011790239789,0.013829283849830176
708,-0.001877904624387232,-0.008136011790239789,0.013829283849830176
709,-0.001877904624387232,-0.008136011790239789,0.013829283849830176
710,-0.001877904624387232,-0.008136011790239789,0.013829283849830176
711,-0.001877904624387232,-0.008136011790239789,0.013829283849830176
712,-0.001877904624387232,-0.008136011790239789,0.013829283849830176
713,-0.001877904624387232,-0.008136011790239789,0.013829283849830176
714,-0.001877904624387232,-0.008136011790239789,0.013829283849830176
715,-0.001877904624387232,-0.008136011790239789,0.013829283849830176
716,-0.001877904624387232,-0.008136011790239789,0.013829283849830176
717,-0.001877904624387232,-0.008136011790239789,0.013829283849830176
718,-0.001877904624387232,-0.008136011790239789,0.013829283849830176
719,-0.001877904624387232,-0.008136011790239789,0.013829283849830176
720,-0.001877904624387232,-0.008136011790239789,0.013829283849830176
721,-0.001877904624387232,-0.008136011790239789,0.013829283849830176
722,-0.001877904624387232,-0.008136011790239789,0.013829283849830176
723,-0.001877904624387232,-0.008136011790239789,0.013829283849830176
724,-0.001877904624387232,-0.008136011790239789,0.013829283849830176
725,-0.001877904624387232,-0.008136011790239789,0.013829283849830176
726,-0.001877904624387232,-0.008136011790239789,0.013829283849830176
727,-0.001877904624387232,-0.008136011790239789,0.013829283849830176
728,-0.001877904624387232,-0.008136011790239789,0.013829283849830176
729,-0.001877904624387232,-0.008136011790239789,0.013829283849830176
730,-0.001877904624387232,-0.008136011790239789,0.013829283849830176
731,-0.001877904624387232,-0.008136011790239789,0.013829283849830176
732,-0.001877904624387232,-0.008136011790239789,0.013829283849830176
733,-0.001877904624387232,-0.008136011790239789,0.013829283849830176
734,-0.001877904624387232,-0.008136011790239789,0.013829283849830176
735,-0.001877904624387232,-0.008136011790239789,0.013829283849830176
736,-0.001877904624387232,-0.008136011790239789,0.013829283849830176
737,-0.001877904624387232,-0.008136011790239789,0.013829283849830176
738,-0.001877904624387232,-0.008136011790239789,0.013829283849830176
739,-0.001877904624387232,-0.008136011790239789,0.013829283849830176
740,-0.001877904624387232,-0.008136011790239789,0.013829283849830176
741,-0.001877904624387232,-0.008136011790239789,0.013829283849830176
742,-0.001877904624387232,-0.008136011790239789,0.013829283849830176
743,-0.001877904624387232,-0.008136011790239789,0.013829283849830176
744,-0.001877904624387232,-0.008136011790239789,0.013829283849830176
745,-0.001877904624387232,-0.008136011790239789,0.013829283849830176
746,-0.001877904624387232,-0.008136011790239789,0.013829283849830176
747,-0.001877904624387232,-0.008136011790239789,0.013829283849830176
748,-0.001877904624387232,-0.008136011790239789,0.013829283849830176
749,-0.001877904624387232,-0.008136011790239789,0.013829283849830176
750,-0.001877904624387232,-0.008136011790239789,0.013829283849830176
751,-0.001877904624387232,-0.008136011790239789,0.013829283849830176
752,-0.001877904624387232,-0.008136011790239789,0.013829283849830176
753,-0.001877904624387232,-0.008136011790239789,0.013829283849830176
754,-0.001877904624387232,-0.008136011790239789,0.013829283849830176
755,-0.001877904624387232,-0.008136011790239789,0.013829283849830176
756,-0.001877904624387232,-0.008136011790239789,0.013829283849830176
757,-0.001877904624387232,-0.008136011790239789,0.013829283849830176
758,-0.001877904624387232,-0.008136011790239789,0.013829283849830176
759,-0.001877904624387232,-0.008136011790239789,0.013829283849830176
760,-0.001877904624387232,-0.008136011790239789,0.013829283849830176
761,-0.001877904624387232,-0.008136011790239789,0.013829283849830176
762,-0.001877904624387232,-0.008136011790239789,0.013829283849830176
763,-0.001877904624387232,-0.008136011790239789,0.013829283849830176
764,-0.001877904624387232,-0.008136011790239789,0.013829283849830176
765,-0.001877904624387232,-0.008136011790239789,0.013829283849830176
766,-0.001877904624387232,-0.008136011790239789,0.013829283849830176
767,-0.001877904624387232,-0.008136011790239789,0.013829283849830176
768,-0.001877904624387232,-0.008136011790239789,0.013829283849830176
769,-0.001877904624387232,-0.008136011790239789,0.013829283849830176
770,-0.001877904624387232,-0.008136011790239789,0.013829283849830176
771,-0.001877904624387232,-0.008136011790239789,0.013829283849830176
772,-0.001877904624387232,-0.008136011790239789,0.013829283849830176
773,-0.001877904624387232,-0.008136011790239789,0.013829283849830176
774,-0.001877904624387232,-0.008136011790239789,0.013829283849830176
775,-0.001877904624387232,-0.008136011790239789,0.013829283849830176
776,-0.001877904624387232,-0.008136011790239789,0.013829283849830176
777,-0.001877904624387232,-0.008136011790239789,0.013829283849830176
778,-0.001877904624387232,-0.008136011790239789,0.013829283849830176
779,-0.001877904624387232,-0.008136011790239789,0.013829283849830176
780,-0.001877904624387232,-0.008136011790239789,0.013829283849830176
781,-0.001877904624387232,-0.008136011790239789,0.013829283849830176
782,-0.001877904624387232,-0.008136011790239789,0.013829283849830176
783,-0.001877904624387232,-0.008136011790239789,0.013829283849830176
784,-0.001877904624387232,-0.008136011790239789,0.013829283849830176
785,-0.001877904624387232,-0.008136011790239789,0.013829283849830176
786,-0.001877904624387232,-0.008136011790239789,0.013829283849830176
787,-0.001877904624387232,-0.008136011790239789,0.013829283849830176
788,-0.001877904624387232,-0.008136011790239789,0.013829283849830176
789,-0.001877904624387232,-0.008136011790239789,0.013829283849830176
790,-0.001877904624387232,-0.008136011790239789,0.013829283849830176
791,-0.001877904624387232,-0.008136011790239789,0.013829283849830176
792,-0.001877904624387232,-0.008136011790239789,0.013829283849830176
793,-0.001877904624387232,-0.008136011790239789,0.013829283849830176
794,-0.001877904624387232,-0.008136011790239789,0.013829283849830176
795,-0.001877904624387232,-0.008136011790239789,0.013829283849830176
796,-0.001877904624387232,-0.008136011790239789,0.013829283849830176
797,-0.001877904624387232,-0.008136011790239789,0.013829283849830176
798,-0.001877904624387232,-0.008136011790239789,0.013829283849830176
799,-0.001877904624387232,-0.008136011790239789,0.013829283849830176
800,-0.001877904624387232,-0.008136011790239789,0.013829283849830176
801,-0.001877904624387232,-0.008136011790239789,0.013829283849830176
802,-0.001877904624387232,-0.008136011790239789,0.013829283849830176
803,-0.001877904624387232,-0.008136011790239789,0.013829283849830176
804,-0.001877904624387232,-0.008136011790239789,0.013829283849830176
805,-0.001877904624387232,-0.008136011790239789,0.013829283849830176
806,-0.001877904624387232,-0.008136011790239789,0.013829283849830176
807,-0.001877904624387232,-0.008136011790239789,0.013829283849830176
808,-0.001877904624387232,-0.008136011790239789,0.013829283849830176
809,-0.001877904624387232,-0.008136011790239789,0.013829283849830176
810,-0.001877904624387232,-0.008136011790239789,0.013829283849830176
811,-0.001877904624387232,-0.008136011790239789,0.013829283849830176
812,-0.001877904624387232,-0.008136011790239789,0.013829283849830176
813,-0.001877904624387232,-0.008136011790239789,0.013829283849830176
814,-0.001877904624387232,-0.008136011790239789,0.013829283849830176
815,-0.001877904624387232,-0.008136011790239789,0.013829283849830176
816,-0.001877904624387232,-0.008136011790239789,0.013829283849830176
817,-0.001877904624387232,-0.008136011790239789,0.013829283849830176
818,-0.001877904624387232,-0.008136011790239789,0.013829283849830176
819,-0.001877904624387232,-0.008136011790239789,0.013829283849830176
820,-0.001877904624387232,-0.008136011790239789,0.013829283849830176
821,-0.001877904624387232,-0.008136011790239789,0.013829283849830176
822,-0.001877904624387232,-0.008136011790239789,0.013829283849830176
823,-0.001877904624387232,-0.008136011790239789,0.013829283849830176
824,-0.001877904624387232,-0.008136011790239789,0.013829283849830176
825,-0.001877904624387232,-0.008136011790239789,0.013829283849830176
826,-0.001877904624387232,-0.008136011790239789,0.013829283849830176
827,-0.001877904624387232,-0.008136011790239789,0.013829283849830176
828,-0.001877904624387232,-0.008136011790239789,0.013829283849830176
829,-0.001877904624387232,-0.008136011790239789,0.013829283849830176
830,-0.001877904624387232,-0.008136011790239789,0.013829283849830176
831,-0.001877904624387232,-0.008136011790239789,0.013829283849830176
832,-0.001877904624387232,-0.008136011790239789,0.013829283849830176
833,-0.001877904624387232,-0.008136011790239789,0.013829283849830176
834,-0.001877904624387232,-0.008136011790239789,0.013829283849830176
835,-0.001877904624387232,-0.008136011790239789,0.013829283849830176
836,-0.001877904624387232,-0.008136011790239789,0.013829283849830176
837,-0.001877904624387232,-0.008136011790239789,0.013829283849830176
838,-0.001877904624387232,-0.008136011790239789,0.013829283849830176
839,-0.001877904624387232,-0.008136011790239789,0.013829283849830176
840,-0.001877904624387232,-0.008136011790239789,0.013829283849830176
841,-0.001877904624387232,-0.008136011790239789,0.013829283849830176
842,-0.001877904624387232,-0.008136011790239789,0.013829283849830176
843,-0.001877904624387232,-0.008136011790239789,0.013829283849830176
844,-0.001877904624387232,-0.008136011790239789,0.013829283849830176
845,-0.001877904624387232,-0.008136011790239789,0.013829283849830176
846,-0.001877904624387232,-0.008136011790239789,0.013829283849830176
847,-0.001877904624387232,-0.008136011790239789,0.013829283849830176
848,-0.001877904624387232,-0.008136011790239789,0.013829283849830176
849,-0.001877904624387232,-0.008136011790239789,0.013829283849830176
850,-0.001877904624387232,-0.008136011790239789,0.013829283849830176
851,-0.001877904624387232,-0.008136011790239789,0.013829283849830176
852,-0.001877904624387232,-0.008136011790239789,0.013829283849830176
853,-0.001877904624387232,-0.008136011790239789,0.013829283849830176
854,-0.001877904624387232,-0.008136011790239789,0.013829283849830176
855,-0.001877904624387232,-0.008136011790239789,0.013829283849830176
856,-0.001877904624387232,-0.008136011790239789,0.013829283849830176
857,-0.001877904624387232,-0.008136011790239789,0.013829283849830176
858,-0.001877904624387232,-0.008136011790239789,0.013829283849830176
859,-0.001877904624387232,-0.008136011790239789,0.013829283849830176
860,-0.001877904624387232,-0.008136011790239789,0.013829283849830176
861,-0.001877904624387232,-0.008136011790239789,0.013829283849830176
862,-0.001877904624387232,-0.008136011790239789,0.013829283849830176
863,-0.001877904624387232,-0.008136011790239789,0.013829283849830176
864,-0.001877904624387232,-0.008136011790239789,0.013829283849830176
865,-0.001877904624387232,-0.008136011790239789,0.013829283849830176
866,-0.001877904624387232,-0.008136011790239789,0.013829283849830176
867,-0.001877904624387232,-0.008136011790239789,0.013829283849830176
868,-0.001877904624387232,-0.008136011790239789,0.013829283849830176
869,-0.001877904624387232,-0.008136011790239789,0.013829283849830176
870,-0.001877904624387232,-0.008136011790239789,0.013829283849830176
871,-0.001877904624387232,-0.008136011790239789,0.013829283849830176
872,-0.001877904624387232,-0.008136011790239789,0.013829283849830176
873,-0.001877904624387232,-0.008136011790239789,0.013829283849830176
874,-0.001877904624387232,-0.008136011790239789,0.013829283849830176
875,-0.001877904624387232,-0.008136011790239789,0.013829283849830176
876,-0.001877904624387232,-0.008136011790239789,0.013829283849830176
877,-0.001877904624387232,-0.008136011790239789,0.013829283849830176
878,-0.001877904624387232,-0.008136011790239789,0.013829283849830176
879,-0.001877904624387232,-0.008136011790239789,0.013829283849830176
880,-0.001877904624387232,-0.008136011790239789,0.013829283849830176
881,-0.001877904624387232,-0.008136011790239789,0.013829283849830176
882,-0.001877904624387232,-0.008136011790239789,0.013829283849830176
883,-0.001877904624387232,-0.008136011790239789,0.013829283849830176
884,-0.001877904624387232,-0.008136011790239789,0.013829283849830176
885,-0.001877904624387232,-0.008136011790239789,0.013829283849830176
886,-0.001877904624387232,-0.008136011790239789,0.013829283849830176
887,-0.001877904624387232,-0.008136011790239789,0.013829283849830176
888,-0.001877904624387232,-0.008136011790239789,0.013829283849830176
889,-0.001877904624387232,-0.008136011790239789,0.013829283849830176
890,-0.001877904624387232,-0.008136011790239789,0.013829283849830176
891,-0.001877904624387232,-0.008136011790239789,0.013829283849830176
892,-0.001877904624387232,-0.008136011790239789,0.013829283849830176
893,-0.001877904624387232,-0.008136011790239789,0.013829283849830176
894,-0.001877904624387232,-0.008136011790239789,0.013829283849830176
895,-0.001877904624387232,-0.008136011790239789,0.013829283849830176
896,-0.001877904624387232,-0.008136011790239789,0.013829283849830176
897,-0.001877904624387232,-0.008136011790239789,0.013829283849830176
898,-0.001877904624387232,-0.008136011790239789,0.013829283849830176
899,-0.001877904624387232,-0.008136011790239789,0.013829283849830176
900,-0.001877904624387232,-0.008136011790239789,0.013829283849830176
901,-0.001877904624387232,-0.008136011790239789,0.013829283849830176
902,-0.001877904624387232,-0.008136011790239789,0.013829283849830176
903,-0.001877904624387232,-0.008136011790239789,0.013829283849830176
904,-0.001877904624387232,-0.008136011790239789,0.013829283849830176
905,-0.001877904624387232,-0.008136011790239789,0.013829283849830176
906,-0.001877904624387232,-0.008136011790239789,0.013829283849830176
907,-0.001877904624387232,-0.008136011790239789,0.013829283849830176
908,-0.001877904624387232,-0.008136011790239789,0.013829283849830176
909,-0.001877904624387232,-0.008136011790239789,0.013829283849830176
910,-0.001877904624387232,-0.008136011790239789,0.013829283849830176
911,-0.001877904624387232,-0.008136011790239789,0.013829283849830176
912,-0.001877904624387232,-0.008136011790239789,0.013829283849830176
913,-0.001877904624387232,-0.008136011790239789,0.013829283849830176
914,-0.001877904624387232,-0.008136011790239789,0.013829283849830176
915,-0.001877904624387232,-0.008136011790239789,0.013829283849830176
916,-0.001877904624387232,-0.008136011790239789,0.013829283849830176
917,-0.001877904624387232,-0.008136011790239789,0.013829283849830176
918,-0.001877904624387232,-0.008136011790239789,0.013829283849830176
919,-0.001877904624387232,-0.008136011790239789,0.013829283849830176
920,-0.001877904624387232,-0.008136011790239789,0.013829283849830176
921,-0.001877904624387232,-0.008136011790239789,0.013829283849830176
922,-0.001877904624387232,-0.008136011790239789,0.013829283849830176
923,-0.001877904624387232,-0.008136011790239789,0.013829283849830176
924,-0.001877904624387232,-0.008136011790239789,0.013829283849830176
925,-0.001877904624387232,-0.008136011790239789,0.013829283849830176
926,-0.001877904624387232,-0.008136011790239789,0.013829283849830176
927,-0.001877904624387232,-0.008136011790239789,0.013829283849830176
928,-0.001877904624387232,-0.008136011790239789,0.013829283849830176
929,-0.001877904624387232,-0.008136011790239789,0.013829283849830176
930,-0.001877904624387232,-0.008136011790239789,0.013829283849830176
931,-0.001877904624387232,-0.008136011790239789,0.013829283849830176
932,-0.001877904624387232,-0.008136011790239789,0.013829283849830176
933,-0.001877904624387232,-0.008136011790239789,0.013829283849830176
934,-0.001877904624387232,-0.008136011790239789,0.013829283849830176
935,-0.001877904624387232,-0.008136011790239789,0.013829283849830176
936,-0.001877904624387232,-0.008136011790239789,0.013829283849830176
937,-0.001877904624387232,-0.008136011790239789,0.013829283849830176
938,-0.001877904624387232,-0.008136011790239789,0.013829283849830176
939,-0.001877904624387232,-0.008136011790239789,0.013829283849830176
940,-0.001877904624387232,-0.008136011790239789,0.013829283849830176
941,-0.001877904624387232,-0.008136011790239789,0.013829283849830176
942,-0.001877904624387232,-0.008136011790239789,0.013829283849830176
943,-0.001877904624387232,-0.008136011790239789,0.013829283849830176
944,-0.001877904624387232,-0.008136011790239789,0.013829283849830176
945,-0.001877904624387232,-0.008136011790239789,0.013829283849830176
946,-0.001877904624387232,-0.008136011790239789,0.013829283849830176
947,-0.001877904624387232,-0.008136011790239789,0.013829283849830176
948,-0.001877904624387232,-0.008136011790239789,0.013829283849830176
949,-0.001877904624387232,-0.008136011790239789,0.013829283849830176
950,-0.001877904624387232,-0.008136011790239789,0.013829283849830176
951,-0.001877904624387232,-0.008136011790239789,0.013829283849830176
952,-0.001877904624387232,-0.008136011790239789,0.013829283849830176
953,-0.001877904624387232,-0.008136011790239789,0.013829283849830176
954,-0.001877904624387232,-0.008136011790239789,0.013829283849830176
955,-0.001877904624387232,-0.008136011790239789,0.013829283849830176
956,-0.001877904624387232,-0.008136011790239789,0.013829283849830176
957,-0.001877904624387232,-0.008136011790239789,0.013829283849830176
958,-0.001877904624387232,-0.008136011790239789,0.013829283849830176
959,-0.001877904624387232,-0.008136011790239789,0.013829283849830176
960,-0.001877904624387232,-0.008136011790239789,0.013829283849830176
961,-0.001877904624387232,-0.008136011790239789,0.013829283849830176
962,-0.001877904624387232,-0.008136011790239789,0.013829283849830176
963,-0.001877904624387232,-0.008136011790239789,0.013829283849830176
964,-0.001877904624387232,-0.008136011790239789,0.013829283849830176
965,-0.001877904624387232,-0.008136011790239789,0.013829283849830176
966,-0.001877904624387232,-0.008136011790239789,0.013829283849830176
967,-0.001877904624387232,-0.008136011790239789,0.013829283849830176
968,-0.001877904624387232,-0.008136011790239789,0.013829283849830176
969,-0.001877904624387232,-0.008136011790239789,0.013829283849830176
970,-0.001877904624387232,-0.008136011790239789,0.013829283849830176
971,-0.001877904624387232,-0.008136011790239789,0.013829283849830176
972,-0.001877904624387232,-0.008136011790239789,0.013829283849830176
973,-0.001877904624387232,-0.008136011790239789,0.013829283849830176
974,-0.001877904624387232,-0.008136011790239789,0.013829283849830176
975,-0.001877904624387232,-0.008136011790239789,0.013829283849830176
976,-0.001877904624387232,-0.008136011790239789,0.013829283849830176
977,-0.001877904624387232,-0.008136011790239789,0.013829283849830176
978,-0.001877904624387232,-0.008136011790239789,0.013829283849830176
979,-0.001877904624387232,-0.008136011790239789,0.013829283849830176
980,-0.001877904624387232,-0.008136011790239789,0.013829283849830176
981,-0.001877904624387232,-0.008136011790239789,0.013829283849830176
982,-0.001877904624387232,-0.008136011790239789,0.013829283849830176
983,-0.001877904624387232,-0.008136011790239789,0.013829283849830176
984,-0.001877904624387232,-0.008136011790239789,0.013829283849830176
985,-0.001877904624387232,-0.008136011790239789,0.013829283849830176
986,-0.001877904624387232,-0.008136011790239789,0.013829283849830176
987,-0.001877904624387232,-0.008136011790239789,0.013829283849830176
988,-0.001877904624387232,-0.008136011790239789,0.013829283849830176
989,-0.001877904624387232,-0.008136011790239789,0.013829283849830176
990,-0.001877904624387232,-0.008136011790239789,0.013829283849830176
991,-0.001877904624387232,-0.008136011790239789,0.013829283849830176
992,-0.001877904624387232,-0.008136011790239789,0.013829283849830176
993,-0.001877904624387232,-0.008136011790239789,0.013829283849830176
994,-0.001877904624387232,-0.008136011790239789,0.013829283849830176
995,-0.001877904624387232,-0.008136011790239789,0.013829283849830176
996,-0.001877904624387232,-0.008136011790239789,0.013829283849830176
997,-0.001877904624387232,-0.008136011790239789,0.013829283849830176
998,-0.001877904624387232,-0.008136011790239789,0.013829283849830176
999,-0.001877904624387232,-0.008136011790239789,0.013829283849830176
